index,sentence,gold_id,gold_label,pred_id,pred_label,raw_output,correct,unparseable,model,dataset,logprob_negative,score_negative,logprob_neutral,score_neutral,logprob_positive,score_positive
0,AstraZeneca wins FDA approval for key new lung cancer pill,2,positive,2,positive,positive,1,0,FinGPT-mt-Llama2-7B-LoRA,fiqa,-10.661428451538086,0.3333333432674408,-10.661428451538086,0.3333333432674408,-10.661428451538086,0.3333333432674408
1,Standard Chartered Shifts Emerging-Markets Strategy After Losses,0,negative,0,negative,negative,1,0,FinGPT-mt-Llama2-7B-LoRA,fiqa,-9.834348678588867,0.3333333432674408,-9.834348678588867,0.3333333432674408,-9.834348678588867,0.3333333432674408
2,AstraZeneca's Lung Cancer Drug Tagrisso Gets FDA Approval,2,positive,2,positive,positive,1,0,FinGPT-mt-Llama2-7B-LoRA,fiqa,-10.663997650146484,0.3333333432674408,-10.663997650146484,0.3333333432674408,-10.663997650146484,0.3333333432674408
3,"Ackman, in email, says supports Valeant CEO Pearson",2,positive,2,positive,positive,1,0,FinGPT-mt-Llama2-7B-LoRA,fiqa,-9.631143569946289,0.3333333432674408,-9.631143569946289,0.3333333432674408,-9.631143569946289,0.3333333432674408
4,"Are Aviva plc, Direct Line Insurance Group PLC And Admiral Group plc Set To Soar?",2,positive,2,positive,positive,1,0,FinGPT-mt-Llama2-7B-LoRA,fiqa,-10.148130416870117,0.3333333432674408,-10.148130416870117,0.3333333432674408,-10.148130416870117,0.3333333432674408
5,AstraZeneca Explores Potential Deal With Acerta for Cancer Drug,2,positive,2,positive,positive,1,0,FinGPT-mt-Llama2-7B-LoRA,fiqa,-10.8482027053833,0.3333333432674408,-10.8482027053833,0.3333333432674408,-10.8482027053833,0.3333333432674408
6,Shell and BG Shareholders to Vote on Deal at End of January,1,neutral,1,neutral,neutral,1,0,FinGPT-mt-Llama2-7B-LoRA,fiqa,-10.67396354675293,0.3333333432674408,-10.67396354675293,0.3333333432674408,-10.67396354675293,0.3333333432674408
7,BBCN Bancorp to buy Wilshire Bancorp in $1 bln deal,2,positive,2,positive,positive,1,0,FinGPT-mt-Llama2-7B-LoRA,fiqa,-10.60138988494873,0.3333333432674408,-10.60138988494873,0.3333333432674408,-10.60138988494873,0.3333333432674408
8,GlaxoSmithKline set to complete $20 billion Novartis asset swap next week,2,positive,1,neutral,neutral,0,0,FinGPT-mt-Llama2-7B-LoRA,fiqa,-10.400341987609863,0.3333333432674408,-10.400341987609863,0.3333333432674408,-10.400341987609863,0.3333333432674408
9,CompaniesHome Retail trims gains but is considered 'in play',2,positive,0,negative,negative,0,0,FinGPT-mt-Llama2-7B-LoRA,fiqa,-10.027206420898438,0.3333333432674408,-10.027206420898438,0.3333333432674408,-10.027206420898438,0.3333333432674408
10,Investors Remain Skeptical About Shell-BG Deal,0,negative,0,negative,negative,1,0,FinGPT-mt-Llama2-7B-LoRA,fiqa,-9.812202453613281,0.3333333432674408,-9.812202453613281,0.3333333432674408,-9.812202453613281,0.3333333432674408
11,Valeant Said to Name New CEO With Pearson Still Hospitalized,1,neutral,1,neutral,neutral,1,0,FinGPT-mt-Llama2-7B-LoRA,fiqa,-10.724456787109375,0.3333333432674408,-10.724456787109375,0.3333333432674408,-10.724456787109375,0.3333333432674408
12,Shares in BAE Systems hit 10-month high on rating upgrade,2,positive,2,positive,positive,1,0,FinGPT-mt-Llama2-7B-LoRA,fiqa,-10.784989356994629,0.3333333432674408,-10.784989356994629,0.3333333432674408,-10.784989356994629,0.3333333432674408
13,Shell share price: Standard Life announce position against BG acquisition,0,negative,1,neutral,neutral,0,0,FinGPT-mt-Llama2-7B-LoRA,fiqa,-10.037989616394043,0.3333333432674408,-10.037989616394043,0.3333333432674408,-10.037989616394043,0.3333333432674408
14,"Britain's FTSE outperforms Europe, Royal Mail and Tesco rise",2,positive,2,positive,positive,1,0,FinGPT-mt-Llama2-7B-LoRA,fiqa,-10.53857707977295,0.3333333432674408,-10.53857707977295,0.3333333432674408,-10.53857707977295,0.3333333432674408
15,ARM Royalties Accelerate as Smartphone Market Regains Strength,2,positive,2,positive,positive,1,0,FinGPT-mt-Llama2-7B-LoRA,fiqa,-10.719085693359375,0.3333333432674408,-10.719085693359375,0.3333333432674408,-10.719085693359375,0.3333333432674408
16,ConAgra Names Former Hillshire Farms CEO Connolly to Top Post,2,positive,1,neutral,neutral,0,0,FinGPT-mt-Llama2-7B-LoRA,fiqa,-10.671428680419922,0.3333333432674408,-10.671428680419922,0.3333333432674408,-10.671428680419922,0.3333333432674408
17,AstraZeneca share price: Acerta deal pays off with orphan drug status,2,positive,2,positive,positive,1,0,FinGPT-mt-Llama2-7B-LoRA,fiqa,-10.843330383300781,0.3333333432674408,-10.843330383300781,0.3333333432674408,-10.843330383300781,0.3333333432674408
18,GlaxoSmithKline starts hunt for successor to CEO Witty,1,neutral,1,neutral,neutral,1,0,FinGPT-mt-Llama2-7B-LoRA,fiqa,-10.255885124206543,0.3333333432674408,-10.255885124206543,0.3333333432674408,-10.255885124206543,0.3333333432674408
19,"Rio Tinto swings to loss, drops dividend policy",0,negative,0,negative,negative,1,0,FinGPT-mt-Llama2-7B-LoRA,fiqa,-10.018871307373047,0.3333333432674408,-10.018871307373047,0.3333333432674408,-10.018871307373047,0.3333333432674408
20,Legal & General share price: Finance chief to step down,0,negative,1,neutral,neutral,0,0,FinGPT-mt-Llama2-7B-LoRA,fiqa,-10.154678344726562,0.3333333432674408,-10.154678344726562,0.3333333432674408,-10.154678344726562,0.3333333432674408
21,NYSE owner ICE considers offer for LSE,2,positive,2,positive,positive,1,0,FinGPT-mt-Llama2-7B-LoRA,fiqa,-10.48391342163086,0.3333333432674408,-10.48391342163086,0.3333333432674408,-10.48391342163086,0.3333333432674408
22,RBS Pays $1.7 Billion to Scrap U.K. Treasury's Dividend Rights,1,neutral,0,negative,negative,0,0,FinGPT-mt-Llama2-7B-LoRA,fiqa,-10.130911827087402,0.3333333432674408,-10.130911827087402,0.3333333432674408,-10.130911827087402,0.3333333432674408
23,Industry NewsWolseley confident in reslilience amid mixed markets,2,positive,2,positive,positive,1,0,FinGPT-mt-Llama2-7B-LoRA,fiqa,-9.740188598632812,0.3333333432674408,-9.740188598632812,0.3333333432674408,-9.740188598632812,0.3333333432674408
24,Tesco criticised for 'disgraceful' advert showing domestic worker being slapped,0,negative,0,negative,negative,1,0,FinGPT-mt-Llama2-7B-LoRA,fiqa,-10.023855209350586,0.3333333432674408,-10.023855209350586,0.3333333432674408,-10.023855209350586,0.3333333432674408
25,Barclays Bonds Rise as Lender Cuts Dividends to Shore Up Capital,2,positive,2,positive,positive,1,0,FinGPT-mt-Llama2-7B-LoRA,fiqa,-9.80355167388916,0.3333333432674408,-9.80355167388916,0.3333333432674408,-9.80355167388916,0.3333333432674408
26,"Oil majors like Royal Dutch Shell, Chevron, BP fail to find reserves to counter ...",0,negative,0,negative,negative,1,0,FinGPT-mt-Llama2-7B-LoRA,fiqa,-9.766817092895508,0.3333333432674408,-9.766817092895508,0.3333333432674408,-9.766817092895508,0.3333333432674408
27,"Saudi Aramco, Shell plan to break up Motiva, divide up assets",0,negative,1,neutral,neutral,0,0,FinGPT-mt-Llama2-7B-LoRA,fiqa,-10.276928901672363,0.3333333432674408,-10.276928901672363,0.3333333432674408,-10.276928901672363,0.3333333432674408
28,Crown Castle buys Tower Development Corp for $461 million,2,positive,2,positive,positive,1,0,FinGPT-mt-Llama2-7B-LoRA,fiqa,-10.246828079223633,0.3333333432674408,-10.246828079223633,0.3333333432674408,-10.246828079223633,0.3333333432674408
29,UPDATE 3-Ex-Barclays director accused by US of illegal tips to plumber,0,negative,0,negative,negative,1,0,FinGPT-mt-Llama2-7B-LoRA,fiqa,-9.856343269348145,0.3333333432674408,-9.856343269348145,0.3333333432674408,-9.856343269348145,0.3333333432674408
30,Retail giant Kingfisher reports 'solid' start to the year,2,positive,2,positive,positive,1,0,FinGPT-mt-Llama2-7B-LoRA,fiqa,-10.59908676147461,0.3333333432674408,-10.59908676147461,0.3333333432674408,-10.59908676147461,0.3333333432674408
31,"Irish Said Chasing Standard Chartered, RBS as Brexit Vote Nears",2,positive,1,neutral,neutral,0,0,FinGPT-mt-Llama2-7B-LoRA,fiqa,-10.681551933288574,0.3333333432674408,-10.681551933288574,0.3333333432674408,-10.681551933288574,0.3333333432674408
32,Royal Mail share price rallies amid positive broker comments,2,positive,2,positive,positive,1,0,FinGPT-mt-Llama2-7B-LoRA,fiqa,-10.477792739868164,0.3333333432674408,-10.477792739868164,0.3333333432674408,-10.477792739868164,0.3333333432674408
33,BRIEF-Legal & General's retirement business books 4 billion stg H1 sales,2,positive,1,neutral,neutral,0,0,FinGPT-mt-Llama2-7B-LoRA,fiqa,-9.995471000671387,0.3333333432674408,-9.995471000671387,0.3333333432674408,-9.995471000671387,0.3333333432674408
34,HSBC Hit by Fresh Details of Tax Evasion Claims,0,negative,0,negative,negative,1,0,FinGPT-mt-Llama2-7B-LoRA,fiqa,-10.017277717590332,0.3333333432674408,-10.017277717590332,0.3333333432674408,-10.017277717590332,0.3333333432674408
35,"Hammerson, JV Partner secure ownership of Ireland's Dundrum - Quick Facts",2,positive,2,positive,positive,1,0,FinGPT-mt-Llama2-7B-LoRA,fiqa,-10.308611869812012,0.3333333432674408,-10.308611869812012,0.3333333432674408,-10.308611869812012,0.3333333432674408
36,"Should you buy Associated British Foods plc, Great Portland Estates plc and Dunelm Group plc following today's news?",2,positive,1,neutral,neutral,0,0,FinGPT-mt-Llama2-7B-LoRA,fiqa,-10.066621780395508,0.3333333432674408,-10.066621780395508,0.3333333432674408,-10.066621780395508,0.3333333432674408
37,Tesco share price tumbles after negative broker note,0,negative,0,negative,negative,1,0,FinGPT-mt-Llama2-7B-LoRA,fiqa,-10.015538215637207,0.3333333432674408,-10.015538215637207,0.3333333432674408,-10.015538215637207,0.3333333432674408
38,Morrisons finance chief to fill gap as CEO leaves early,0,negative,1,neutral,neutral,0,0,FinGPT-mt-Llama2-7B-LoRA,fiqa,-10.731781959533691,0.3333333432674408,-10.731781959533691,0.3333333432674408,-10.731781959533691,0.3333333432674408
39,Builder Persimmon hails 6% rise in house sales,2,positive,2,positive,positive,1,0,FinGPT-mt-Llama2-7B-LoRA,fiqa,-10.779955863952637,0.3333333432674408,-10.779955863952637,0.3333333432674408,-10.779955863952637,0.3333333432674408
40,EasyJet attracts more passengers in June but still lags Ryanair,2,positive,2,positive,positive,1,0,FinGPT-mt-Llama2-7B-LoRA,fiqa,-9.697580337524414,0.3333333432674408,-9.697580337524414,0.3333333432674408,-9.697580337524414,0.3333333432674408
41,AstraZeneca's patent on asthma drug invalidated by US court,0,negative,0,negative,negative,1,0,FinGPT-mt-Llama2-7B-LoRA,fiqa,-10.082497596740723,0.3333333432674408,-10.082497596740723,0.3333333432674408,-10.082497596740723,0.3333333432674408
42,Rolls-Royce to Ensure Compliance After Petrobras Bribery Report,1,neutral,0,negative,negative,0,0,FinGPT-mt-Llama2-7B-LoRA,fiqa,-10.008301734924316,0.3333333432674408,-10.008301734924316,0.3333333432674408,-10.008301734924316,0.3333333432674408
43,Whitbread share price climbs on Q4 sales growth,2,positive,2,positive,positive,1,0,FinGPT-mt-Llama2-7B-LoRA,fiqa,-10.598752975463867,0.3333333432674408,-10.598752975463867,0.3333333432674408,-10.598752975463867,0.3333333432674408
44,G4S sees profits rise but UK contract problems remain,2,positive,1,neutral,neutral,0,0,FinGPT-mt-Llama2-7B-LoRA,fiqa,-9.828446388244629,0.3333333432674408,-9.828446388244629,0.3333333432674408,-9.828446388244629,0.3333333432674408
45,Is It Worth Investing In Tesco PLC And Prudential plc Now?,2,positive,1,neutral,neutral,0,0,FinGPT-mt-Llama2-7B-LoRA,fiqa,-10.366933822631836,0.3333333432674408,-10.366933822631836,0.3333333432674408,-10.366933822631836,0.3333333432674408
46,"London open: Taylor Wimpey and Ashtead drive markets higher, Barclays falls",2,positive,1,neutral,neutral,0,0,FinGPT-mt-Llama2-7B-LoRA,fiqa,-9.464826583862305,0.3333333432674408,-9.464826583862305,0.3333333432674408,-9.464826583862305,0.3333333432674408
47,GSK and Novartis complete deals to reshape both drugmakers,2,positive,2,positive,positive,1,0,FinGPT-mt-Llama2-7B-LoRA,fiqa,-10.364617347717285,0.3333333432674408,-10.364617347717285,0.3333333432674408,-10.364617347717285,0.3333333432674408
48,How Kraft-Heinz Merger Came Together in Speedy 10 Weeks,2,positive,1,neutral,neutral,0,0,FinGPT-mt-Llama2-7B-LoRA,fiqa,-10.466658592224121,0.3333333432674408,-10.466658592224121,0.3333333432674408,-10.466658592224121,0.3333333432674408
49,RBI surprises Street; Sensex pares gains after hitting mount 30k,0,negative,0,negative,negative,1,0,FinGPT-mt-Llama2-7B-LoRA,fiqa,-10.010557174682617,0.3333333432674408,-10.010557174682617,0.3333333432674408,-10.010557174682617,0.3333333432674408
50,Credit Suisse poaches Prudential's Thiam for Asian push,1,neutral,1,neutral,neutral,1,0,FinGPT-mt-Llama2-7B-LoRA,fiqa,-9.915153503417969,0.3333333432674408,-9.915153503417969,0.3333333432674408,-9.915153503417969,0.3333333432674408
51,Kingfisher takeover of Mr Bricolage could hit a brick wall,0,negative,0,negative,negative,1,0,FinGPT-mt-Llama2-7B-LoRA,fiqa,-10.210624694824219,0.3333333432674408,-10.210624694824219,0.3333333432674408,-10.210624694824219,0.3333333432674408
52,AstraZeneca And Daiichi Sankyo To Jointly Commercialise MOVANTIK In The US,2,positive,2,positive,positive,1,0,FinGPT-mt-Llama2-7B-LoRA,fiqa,-10.1664400100708,0.3333333432674408,-10.1664400100708,0.3333333432674408,-10.1664400100708,0.3333333432674408
53,Primark racks up a happy Christmas after strong sales,2,positive,2,positive,positive,1,0,FinGPT-mt-Llama2-7B-LoRA,fiqa,-10.415678977966309,0.3333333432674408,-10.415678977966309,0.3333333432674408,-10.415678977966309,0.3333333432674408
54,LONDON MORNING BRIEFING: HSBC And Standard Chartered Shares Rise,2,positive,2,positive,positive,1,0,FinGPT-mt-Llama2-7B-LoRA,fiqa,-10.659379959106445,0.3333333432674408,-10.659379959106445,0.3333333432674408,-10.659379959106445,0.3333333432674408
55,Tesco leads leap in FTSE 100; Marks & Spencer drops,2,positive,2,positive,positive,1,0,FinGPT-mt-Llama2-7B-LoRA,fiqa,-9.978931427001953,0.3333333432674408,-9.978931427001953,0.3333333432674408,-9.978931427001953,0.3333333432674408
56,easyJet leads Britain's FTSE lower as global bond rout resumes,0,negative,0,negative,negative,1,0,FinGPT-mt-Llama2-7B-LoRA,fiqa,-10.072376251220703,0.3333333432674408,-10.072376251220703,0.3333333432674408,-10.072376251220703,0.3333333432674408
57,"UPDATE 3-BP settles oil spill-related claims with Halliburton, Transocean",0,negative,2,positive,positive,0,0,FinGPT-mt-Llama2-7B-LoRA,fiqa,-10.543755531311035,0.3333333432674408,-10.543755531311035,0.3333333432674408,-10.543755531311035,0.3333333432674408
58,Glencore chief blames rivals' overproduction for share price fall,0,negative,0,negative,negative,1,0,FinGPT-mt-Llama2-7B-LoRA,fiqa,-10.146220207214355,0.3333333432674408,-10.146220207214355,0.3333333432674408,-10.146220207214355,0.3333333432674408
59,"Philip Morris, BAT Sue Over Law Taking Branding Off Packs",0,negative,0,negative,negative,1,0,FinGPT-mt-Llama2-7B-LoRA,fiqa,-10.13542366027832,0.3333333432674408,-10.13542366027832,0.3333333432674408,-10.13542366027832,0.3333333432674408
60,Hargreaves Lansdown share price falls as costs mount - although pensions ...,0,negative,0,negative,negative,1,0,FinGPT-mt-Llama2-7B-LoRA,fiqa,-10.070178031921387,0.3333333432674408,-10.070178031921387,0.3333333432674408,-10.070178031921387,0.3333333432674408
61,Morning Agenda: Shire's Deal for NPS,2,positive,2,positive,positive,1,0,FinGPT-mt-Llama2-7B-LoRA,fiqa,-9.724831581115723,0.3333333432674408,-9.724831581115723,0.3333333432674408,-9.724831581115723,0.3333333432674408
62,$TRX http://stks.co/1KkK Long setup. MACD cross.,2,positive,2,positive,positive,1,0,FinGPT-mt-Llama2-7B-LoRA,fiqa,-10.658064842224121,0.3333333432674408,-10.658064842224121,0.3333333432674408,-10.658064842224121,0.3333333432674408
63,I am not optimistic about $amzn both fundementals and charts look like poopoo this quarter.,0,negative,0,negative,negative,1,0,FinGPT-mt-Llama2-7B-LoRA,fiqa,-10.089627265930176,0.3333333432674408,-10.089627265930176,0.3333333432674408,-10.089627265930176,0.3333333432674408
64,$GRPN might be selling off ahead of $P earnings...,0,negative,0,negative,negative,1,0,FinGPT-mt-Llama2-7B-LoRA,fiqa,-9.93818187713623,0.3333333432674408,-9.93818187713623,0.3333333432674408,-9.93818187713623,0.3333333432674408
65,"Sold out $TZA 45 $PUT (down $1), which were hedging my 45 $CALL. Letting the calls ride solo now.",2,positive,0,negative,negative,0,0,FinGPT-mt-Llama2-7B-LoRA,fiqa,-9.726970672607422,0.3333333432674408,-9.726970672607422,0.3333333432674408,-9.726970672607422,0.3333333432674408
66,$SPY bull move ended waiting for next setup,0,negative,0,negative,negative,1,0,FinGPT-mt-Llama2-7B-LoRA,fiqa,-9.492708206176758,0.3333333432674408,-9.492708206176758,0.3333333432674408,-9.492708206176758,0.3333333432674408
67,$ACOM http://stks.co/1G6x Downside breakout looks to be coming soon.,0,negative,0,negative,negative,1,0,FinGPT-mt-Llama2-7B-LoRA,fiqa,-10.090753555297852,0.3333333432674408,-10.090753555297852,0.3333333432674408,-10.090753555297852,0.3333333432674408
68,"Still short $LNG from $11.70 area...next stop could be down through $9.00. Someone slammed it hard with 230,000 shs this am! More to follow",0,negative,0,negative,negative,1,0,FinGPT-mt-Llama2-7B-LoRA,fiqa,-9.90147876739502,0.3333333432674408,-9.90147876739502,0.3333333432674408,-9.90147876739502,0.3333333432674408
69,"Reuters: Green Mountain revenue misses, shares plunge http://stks.co/13mW > $GMCR prints 43.80, market in a foul mood, bad day to disappoint",0,negative,0,negative,negative,1,0,FinGPT-mt-Llama2-7B-LoRA,fiqa,-9.908280372619629,0.3333333432674408,-9.908280372619629,0.3333333432674408,-9.908280372619629,0.3333333432674408
70,$GPS Gap September Comparable Store Sales -4%,0,negative,0,negative,negative,1,0,FinGPT-mt-Llama2-7B-LoRA,fiqa,-9.979706764221191,0.3333333432674408,-9.979706764221191,0.3333333432674408,-9.979706764221191,0.3333333432674408
71,Double bottom with handle buy point of 56.49 $WMT http://chart.ly/ml857v3,2,positive,2,positive,positive,1,0,FinGPT-mt-Llama2-7B-LoRA,fiqa,-10.534687995910645,0.3333333432674408,-10.534687995910645,0.3333333432674408,-10.534687995910645,0.3333333432674408
72,$UTSI http://stks.co/15uR Long setup. Reported very good earnings.,2,positive,2,positive,positive,1,0,FinGPT-mt-Llama2-7B-LoRA,fiqa,-10.845236778259277,0.3333333432674408,-10.845236778259277,0.3333333432674408,-10.845236778259277,0.3333333432674408
73,stole my tweet. really wouldn't be surprised if we took out 423 and pinned around it RT @totalguru We could possibly even see425 today $AAPL,2,positive,1,neutral,neutral,0,0,FinGPT-mt-Llama2-7B-LoRA,fiqa,-9.453369140625,0.3333333432674408,-9.453369140625,0.3333333432674408,-9.453369140625,0.3333333432674408
74,$ELN longs...congrats...another HOD,2,positive,2,positive,positive,1,0,FinGPT-mt-Llama2-7B-LoRA,fiqa,-10.661528587341309,0.3333333432674408,-10.661528587341309,0.3333333432674408,-10.661528587341309,0.3333333432674408
75,$SIGA Bid for Reargument Denied by Judge,0,negative,1,neutral,neutral,0,0,FinGPT-mt-Llama2-7B-LoRA,fiqa,-9.829699516296387,0.3333333432674408,-9.829699516296387,0.3333333432674408,-9.829699516296387,0.3333333432674408
76,$CERN - consolidating above 50 & 200 MA - nice long entry here w stop below 10 MA - targeting $70 area,2,positive,2,positive,positive,1,0,FinGPT-mt-Llama2-7B-LoRA,fiqa,-10.481805801391602,0.3333333432674408,-10.481805801391602,0.3333333432674408,-10.481805801391602,0.3333333432674408
77,$RDC Rowan Expands Share Repurchase Program to $150 million,2,positive,2,positive,positive,1,0,FinGPT-mt-Llama2-7B-LoRA,fiqa,-10.034570693969727,0.3333333432674408,-10.034570693969727,0.3333333432674408,-10.034570693969727,0.3333333432674408
78,"RT @Cash_Cow $TLT still has a rising RSI & MACD, all this bond buying is signaling some bad moves for the market. $SPY $UUP",0,negative,0,negative,negative,1,0,FinGPT-mt-Llama2-7B-LoRA,fiqa,-9.731729507446289,0.3333333432674408,-9.731729507446289,0.3333333432674408,-9.731729507446289,0.3333333432674408
79,"RT @stockdemons think shorting here into close might be play, $SPY - high beta reversing..looks worth a shot",0,negative,0,negative,negative,1,0,FinGPT-mt-Llama2-7B-LoRA,fiqa,-10.054485321044922,0.3333333432674408,-10.054485321044922,0.3333333432674408,-10.054485321044922,0.3333333432674408
80,"Lots of metal stocks look like a 5-10% run awaits. Long $SSRI,$PAAS and $NEM but most high quality names should go if metal prices cooperate",2,positive,2,positive,positive,1,0,FinGPT-mt-Llama2-7B-LoRA,fiqa,-9.795165061950684,0.3333333432674408,-9.795165061950684,0.3333333432674408,-9.795165061950684,0.3333333432674408
81,looks like a big feb 18-22 $put spread on $cree.  Last quarter 0% YoY rev growth trading @ 24x earnings.  I may try a short.,0,negative,0,negative,negative,1,0,FinGPT-mt-Llama2-7B-LoRA,fiqa,-10.033308982849121,0.3333333432674408,-10.033308982849121,0.3333333432674408,-10.033308982849121,0.3333333432674408
82,$YELP wayyy overvalued right now IMO. Should be trading single digits. May take a short pos. into earnings. Near term target 18 ......,0,negative,0,negative,negative,1,0,FinGPT-mt-Llama2-7B-LoRA,fiqa,-9.758377075195312,0.3333333432674408,-9.758377075195312,0.3333333432674408,-9.758377075195312,0.3333333432674408
83,$renn topping tail 5 min. chart at 7.31 short from here.,0,negative,0,negative,negative,1,0,FinGPT-mt-Llama2-7B-LoRA,fiqa,-9.841791152954102,0.3333333432674408,-9.841791152954102,0.3333333432674408,-9.841791152954102,0.3333333432674408
84,$ZNGA http://stks.co/3rdu Looking for a test at 9.25 resistance point. cc @ cfrazierjr @FletchTrade #traders,2,positive,1,neutral,neutral,0,0,FinGPT-mt-Llama2-7B-LoRA,fiqa,-10.491255760192871,0.3333333432674408,-10.491255760192871,0.3333333432674408,-10.491255760192871,0.3333333432674408
85,MT @TheAcsMan Amazing seeing everyone suddenly touting $MSFT. Long been favorite covered call & double dip dividend play.,2,positive,2,positive,positive,1,0,FinGPT-mt-Llama2-7B-LoRA,fiqa,-10.153203964233398,0.3333333432674408,-10.153203964233398,0.3333333432674408,-10.153203964233398,0.3333333432674408
86,Surprising to see $JWN and $SKS sales numbers still holding up so well. I guess the high end might not be a concern after all.,2,positive,2,positive,positive,1,0,FinGPT-mt-Llama2-7B-LoRA,fiqa,-10.549033164978027,0.3333333432674408,-10.549033164978027,0.3333333432674408,-10.549033164978027,0.3333333432674408
87,$AAPL price momentum weakening going into the close.,0,negative,0,negative,negative,1,0,FinGPT-mt-Llama2-7B-LoRA,fiqa,-10.077213287353516,0.3333333432674408,-10.077213287353516,0.3333333432674408,-10.077213287353516,0.3333333432674408
88,$SPY $MITK fast 56pc dive http://stks.co/3ffN $$,0,negative,0,negative,negative,1,0,FinGPT-mt-Llama2-7B-LoRA,fiqa,-10.0182466506958,0.3333333432674408,-10.0182466506958,0.3333333432674408,-10.0182466506958,0.3333333432674408
89,"$QCOR a little pullback is fine but if this erases all of todays gains, I cannot believe the manipulation its capable of",0,negative,0,negative,negative,1,0,FinGPT-mt-Llama2-7B-LoRA,fiqa,-10.165938377380371,0.3333333432674408,-10.165938377380371,0.3333333432674408,-10.165938377380371,0.3333333432674408
90,$NIHD insiders got this one wrong. Looking for bottom. Rsi under 30,0,negative,0,negative,negative,1,0,FinGPT-mt-Llama2-7B-LoRA,fiqa,-10.15538501739502,0.3333333432674408,-10.15538501739502,0.3333333432674408,-10.15538501739502,0.3333333432674408
91,$KCG bot at 2.24,2,positive,2,positive,positive,1,0,FinGPT-mt-Llama2-7B-LoRA,fiqa,-9.668057441711426,0.3333333432674408,-9.668057441711426,0.3333333432674408,-9.668057441711426,0.3333333432674408
92,$HZNP havent seen vol like this since the runup. lets see one more dip to 2.0x,0,negative,0,negative,negative,1,0,FinGPT-mt-Llama2-7B-LoRA,fiqa,-9.736348152160645,0.3333333432674408,-9.736348152160645,0.3333333432674408,-9.736348152160645,0.3333333432674408
93,Out of shorts $ALTR at 38.85 with loss,2,positive,2,positive,positive,1,0,FinGPT-mt-Llama2-7B-LoRA,fiqa,-10.486230850219727,0.3333333432674408,-10.486230850219727,0.3333333432674408,-10.486230850219727,0.3333333432674408
94,"$SDS +1.46% 15.32, picking up some speed. May 16 calls now +35% .19: http://stks.co/3eiK, Next week $16 calls .11c: http://stks.co/3eiL",2,positive,2,positive,positive,1,0,FinGPT-mt-Llama2-7B-LoRA,fiqa,-10.3672513961792,0.3333333432674408,-10.3672513961792,0.3333333432674408,-10.3672513961792,0.3333333432674408
95,"$AAPL AAPL: Gundlach Slams iPad mini, Sees Downside to $425. http://stks.co/bDqV",0,negative,0,negative,negative,1,0,FinGPT-mt-Llama2-7B-LoRA,fiqa,-10.01674747467041,0.3333333432674408,-10.01674747467041,0.3333333432674408,-10.01674747467041,0.3333333432674408
96,$AAPL nibbling on a small long via 525.. buying off 13min charts..,2,positive,2,positive,positive,1,0,FinGPT-mt-Llama2-7B-LoRA,fiqa,-10.722088813781738,0.3333333432674408,-10.722088813781738,0.3333333432674408,-10.722088813781738,0.3333333432674408
97,$aapl.  Test the high today and probably go beyond after hours...,2,positive,2,positive,positive,1,0,FinGPT-mt-Llama2-7B-LoRA,fiqa,-10.535655975341797,0.3333333432674408,-10.535655975341797,0.3333333432674408,-10.535655975341797,0.3333333432674408
98,Long $PCLN,2,positive,2,positive,positive,1,0,FinGPT-mt-Llama2-7B-LoRA,fiqa,-9.833306312561035,0.3333333432674408,-9.833306312561035,0.3333333432674408,-9.833306312561035,0.3333333432674408
99,$GNRC finding support at its 10-day line so far.,2,positive,2,positive,positive,1,0,FinGPT-mt-Llama2-7B-LoRA,fiqa,-10.601187705993652,0.3333333432674408,-10.601187705993652,0.3333333432674408,-10.601187705993652,0.3333333432674408
100,"Loaded up on $bsx yesterday,looking good now. Still think way more upside than downside.",2,positive,2,positive,positive,1,0,FinGPT-mt-Llama2-7B-LoRA,fiqa,-10.485721588134766,0.3333333432674408,-10.485721588134766,0.3333333432674408,-10.485721588134766,0.3333333432674408
101,"$QCOR Just added 3,000 shares @28.",2,positive,2,positive,positive,1,0,FinGPT-mt-Llama2-7B-LoRA,fiqa,-10.53918170928955,0.3333333432674408,-10.53918170928955,0.3333333432674408,-10.53918170928955,0.3333333432674408
102,"RT @StockTwits RT @fallondpicks Breadth Consolidates: After weeks of steady gains,advances in mkt breadth slowe... http://stks.co/2TrG $QQQ",0,negative,2,positive,positive,0,0,FinGPT-mt-Llama2-7B-LoRA,fiqa,-9.803934097290039,0.3333333432674408,-9.803934097290039,0.3333333432674408,-9.803934097290039,0.3333333432674408
103,"Google, Inc. completes acquisition of ICOA, Inc. http://stks.co/nFEI $ICOA $GOOG",2,positive,2,positive,positive,1,0,FinGPT-mt-Llama2-7B-LoRA,fiqa,-10.548547744750977,0.3333333432674408,-10.548547744750977,0.3333333432674408,-10.548547744750977,0.3333333432674408
104,Amazon declares 'best ever' Black Friday and Cyber Monday for Kindle family http://stks.co/cEtw via Engadget $AMZN,2,positive,2,positive,positive,1,0,FinGPT-mt-Llama2-7B-LoRA,fiqa,-10.601517677307129,0.3333333432674408,-10.601517677307129,0.3333333432674408,-10.601517677307129,0.3333333432674408
105,$LSCC Accumulation chart continues to make new highs showing accumulation continuing to take place http://stks.co/aDpO,2,positive,2,positive,positive,1,0,FinGPT-mt-Llama2-7B-LoRA,fiqa,-10.908219337463379,0.3333333432674408,-10.908219337463379,0.3333333432674408,-10.908219337463379,0.3333333432674408
106,Current holdings via options - Long: $AAPL $V $GS $AET & Short: $VXX,2,positive,0,negative,negative,0,0,FinGPT-mt-Llama2-7B-LoRA,fiqa,-9.752856254577637,0.3333333432674408,-9.752856254577637,0.3333333432674408,-9.752856254577637,0.3333333432674408
107,$NFLX VISION : short term consolidation then movement higher http://stks.co/j05uu,2,positive,2,positive,positive,1,0,FinGPT-mt-Llama2-7B-LoRA,fiqa,-9.813246726989746,0.3333333432674408,-9.813246726989746,0.3333333432674408,-9.813246726989746,0.3333333432674408
108,$UUP at major resistance right now. Can go much higher if it can break above. May take several attempts - few days to a week,2,positive,2,positive,positive,1,0,FinGPT-mt-Llama2-7B-LoRA,fiqa,-10.367268562316895,0.3333333432674408,-10.367268562316895,0.3333333432674408,-10.367268562316895,0.3333333432674408
109,$EDU bouncing nicely after add-on (posted),2,positive,2,positive,positive,1,0,FinGPT-mt-Llama2-7B-LoRA,fiqa,-10.72055435180664,0.3333333432674408,-10.72055435180664,0.3333333432674408,-10.72055435180664,0.3333333432674408
110,"$AAPL at pivot area on intraday chart- break here could send this to 50-day SMA, 457.80 http://stks.co/jPbN",2,positive,2,positive,positive,1,0,FinGPT-mt-Llama2-7B-LoRA,fiqa,-10.796756744384766,0.3333333432674408,-10.796756744384766,0.3333333432674408,-10.796756744384766,0.3333333432674408
111,@Megaas2000 $AAPL McDonalds had a big GROWING success for years with the same BigMac and Apple update and improbe Iphone and Ipad,2,positive,2,positive,positive,1,0,FinGPT-mt-Llama2-7B-LoRA,fiqa,-10.661417961120605,0.3333333432674408,-10.661417961120605,0.3333333432674408,-10.661417961120605,0.3333333432674408
112,@Joerazorback This time I think $AAPL will miss again. Generally speaking market is near top when everyone thinks that market goes only up,0,negative,0,negative,negative,1,0,FinGPT-mt-Llama2-7B-LoRA,fiqa,-9.975289344787598,0.3333333432674408,-9.975289344787598,0.3333333432674408,-9.975289344787598,0.3333333432674408
113,$OSUR up 33% since 6/25 buy signal. resistance 5.33 - expect 1. pullback 2nd half of day or 2. break abov 5.33 & continue rally for 4-5 days,2,positive,2,positive,positive,1,0,FinGPT-mt-Llama2-7B-LoRA,fiqa,-10.49281120300293,0.3333333432674408,-10.49281120300293,0.3333333432674408,-10.49281120300293,0.3333333432674408
114,$PG Ackman making the big added efficiency argument. betting on operational imporvement in a huge conglomerate can go either way imo.,2,positive,2,positive,positive,1,0,FinGPT-mt-Llama2-7B-LoRA,fiqa,-9.804594039916992,0.3333333432674408,-9.804594039916992,0.3333333432674408,-9.804594039916992,0.3333333432674408
115,$AAPL Good time to buy. Will the run come before earnings or after?,2,positive,2,positive,positive,1,0,FinGPT-mt-Llama2-7B-LoRA,fiqa,-10.138084411621094,0.3333333432674408,-10.138084411621094,0.3333333432674408,-10.138084411621094,0.3333333432674408
116,"$QIHU totally missed this one, was about to jump in on that 60 break test but didn't, congrats shorts",0,negative,0,negative,negative,1,0,FinGPT-mt-Llama2-7B-LoRA,fiqa,-10.1785306930542,0.3333333432674408,-10.1785306930542,0.3333333432674408,-10.1785306930542,0.3333333432674408
117,Entering long Lockheed Martin $LMT at Thursday's open. http://stks.co/eXtA,2,positive,2,positive,positive,1,0,FinGPT-mt-Llama2-7B-LoRA,fiqa,-10.541874885559082,0.3333333432674408,-10.541874885559082,0.3333333432674408,-10.541874885559082,0.3333333432674408
118,"$SLV -4.44% at 18 now AWFUL, down from 42.50",0,negative,0,negative,negative,1,0,FinGPT-mt-Llama2-7B-LoRA,fiqa,-10.022228240966797,0.3333333432674408,-10.022228240966797,0.3333333432674408,-10.022228240966797,0.3333333432674408
119,$CRUS Upgraded to a buy by Alpha Street Research,2,positive,2,positive,positive,1,0,FinGPT-mt-Llama2-7B-LoRA,fiqa,-10.786596298217773,0.3333333432674408,-10.786596298217773,0.3333333432674408,-10.786596298217773,0.3333333432674408
120,$NUGT longer term bullish,2,positive,2,positive,positive,1,0,FinGPT-mt-Llama2-7B-LoRA,fiqa,-10.60636043548584,0.3333333432674408,-10.60636043548584,0.3333333432674408,-10.60636043548584,0.3333333432674408
121,$BBRY lets see 14+ today,2,positive,1,neutral,neutral,0,0,FinGPT-mt-Llama2-7B-LoRA,fiqa,-10.39610481262207,0.3333333432674408,-10.39610481262207,0.3333333432674408,-10.39610481262207,0.3333333432674408
122,$DARA breaking out,2,positive,2,positive,positive,1,0,FinGPT-mt-Llama2-7B-LoRA,fiqa,-10.35632038116455,0.3333333432674408,-10.35632038116455,0.3333333432674408,-10.35632038116455,0.3333333432674408
123,"$DNN picked some up, like this going into 2014",2,positive,2,positive,positive,1,0,FinGPT-mt-Llama2-7B-LoRA,fiqa,-10.720081329345703,0.3333333432674408,-10.720081329345703,0.3333333432674408,-10.720081329345703,0.3333333432674408
124,$NUGT Gold above 1400...wow,2,positive,2,positive,positive,1,0,FinGPT-mt-Llama2-7B-LoRA,fiqa,-10.72506046295166,0.3333333432674408,-10.72506046295166,0.3333333432674408,-10.72506046295166,0.3333333432674408
125,"$YOKU high volume blast off Friday, goes higher  http://stks.co/qSaL",2,positive,2,positive,positive,1,0,FinGPT-mt-Llama2-7B-LoRA,fiqa,-10.780817985534668,0.3333333432674408,-10.780817985534668,0.3333333432674408,-10.780817985534668,0.3333333432674408
126,$aapl key is to breakout above 460 on solid volume or else it's a no trade for now,2,positive,2,positive,positive,1,0,FinGPT-mt-Llama2-7B-LoRA,fiqa,-10.599687576293945,0.3333333432674408,-10.599687576293945,0.3333333432674408,-10.599687576293945,0.3333333432674408
127,"Long Position on $IP,....Scaling UP http://stks.co/sIln",2,positive,2,positive,positive,1,0,FinGPT-mt-Llama2-7B-LoRA,fiqa,-10.24513053894043,0.3333333432674408,-10.24513053894043,0.3333333432674408,-10.24513053894043,0.3333333432674408
128,"$TXRH reports Q1 EPS of $0.37 versus the estimated $0.35, beating by $0.02. EPS were Up 19% from the same quarter last year.",2,positive,2,positive,positive,1,0,FinGPT-mt-Llama2-7B-LoRA,fiqa,-10.979963302612305,0.3333333432674408,-10.979963302612305,0.3333333432674408,-10.979963302612305,0.3333333432674408
129,@asdfLLC. Nice pop today. Told ya we would be green haha. Funny you bring that up. I'm actually working on a story about $NOK at the moment,2,positive,2,positive,positive,1,0,FinGPT-mt-Llama2-7B-LoRA,fiqa,-10.134095191955566,0.3333333432674408,-10.134095191955566,0.3333333432674408,-10.134095191955566,0.3333333432674408
130,$AMCN pushing highs,2,positive,2,positive,positive,1,0,FinGPT-mt-Llama2-7B-LoRA,fiqa,-10.356420516967773,0.3333333432674408,-10.356420516967773,0.3333333432674408,-10.356420516967773,0.3333333432674408
131,$PRGN A bottom right here?,1,neutral,2,positive,positive,0,0,FinGPT-mt-Llama2-7B-LoRA,fiqa,-10.477107048034668,0.3333333432674408,-10.477107048034668,0.3333333432674408,-10.477107048034668,0.3333333432674408
132,RT @tomhend777 $MU needs to hold here -Broken for now. Needs big flush. Still not technically oversold so now big bounce yet,1,neutral,1,neutral,neutral,1,0,FinGPT-mt-Llama2-7B-LoRA,fiqa,-9.857283592224121,0.3333333432674408,-9.857283592224121,0.3333333432674408,-9.857283592224121,0.3333333432674408
133,"$SLV POS, been saying it for 2 years. Going lower. Forget about it or go short.",0,negative,0,negative,negative,1,0,FinGPT-mt-Llama2-7B-LoRA,fiqa,-9.735997200012207,0.3333333432674408,-9.735997200012207,0.3333333432674408,-9.735997200012207,0.3333333432674408
134,@saltwaternurse $INO can test 10 again in next few days. time to take some profits here. or hedge with puts.,0,negative,2,positive,positive,0,0,FinGPT-mt-Llama2-7B-LoRA,fiqa,-9.609962463378906,0.3333333432674408,-9.609962463378906,0.3333333432674408,-9.609962463378906,0.3333333432674408
135,$FTI Breakout today after reporting earnings last night,2,positive,2,positive,positive,1,0,FinGPT-mt-Llama2-7B-LoRA,fiqa,-10.597394943237305,0.3333333432674408,-10.597394943237305,0.3333333432674408,-10.597394943237305,0.3333333432674408
136,"$KO had missed earnings expectations for the last two quarters, so today’s strong results came as a major surprise http://stks.co/d0RHF",2,positive,2,positive,positive,1,0,FinGPT-mt-Llama2-7B-LoRA,fiqa,-9.877184867858887,0.3333333432674408,-9.877184867858887,0.3333333432674408,-9.877184867858887,0.3333333432674408
137,$ATHN Seems like a good short setup. Stop above the 50 day. No position.,0,negative,0,negative,negative,1,0,FinGPT-mt-Llama2-7B-LoRA,fiqa,-10.068279266357422,0.3333333432674408,-10.068279266357422,0.3333333432674408,-10.068279266357422,0.3333333432674408
138,$KIOR My god. Market getting crushed today. Gotta hold if anything g should recover some tomorrow I imagine.,0,negative,1,neutral,neutral,0,0,FinGPT-mt-Llama2-7B-LoRA,fiqa,-9.619539260864258,0.3333333432674408,-9.619539260864258,0.3333333432674408,-9.619539260864258,0.3333333432674408
139,$AEGN MACD and ADX are crossing over the signal lines! Long Setup http://stks.co/qzzx,2,positive,2,positive,positive,1,0,FinGPT-mt-Llama2-7B-LoRA,fiqa,-10.722599983215332,0.3333333432674408,-10.722599983215332,0.3333333432674408,-10.722599983215332,0.3333333432674408
140,$UBNT still having some trouble at the resistance line. Should resolve soon.@cheri1 @strattonite   http://stks.co/c0sU4,1,neutral,0,negative,negative,0,0,FinGPT-mt-Llama2-7B-LoRA,fiqa,-9.696754455566406,0.3333333432674408,-9.696754455566406,0.3333333432674408,-9.696754455566406,0.3333333432674408
141,"So as of today's close (8/15/14), I'm long $TSLA $AMTD $TWTR $FB $AAPL $CELG - all on a longer-term, technical swing long basis.",2,positive,2,positive,positive,1,0,FinGPT-mt-Llama2-7B-LoRA,fiqa,-9.72364330291748,0.3333333432674408,-9.72364330291748,0.3333333432674408,-9.72364330291748,0.3333333432674408
142,@BULLYA @pollux654321 My 50 $KORS 80 Calls are going to b a Blessing for my Daughters tuition!,2,positive,2,positive,positive,1,0,FinGPT-mt-Llama2-7B-LoRA,fiqa,-10.312400817871094,0.3333333432674408,-10.312400817871094,0.3333333432674408,-10.312400817871094,0.3333333432674408
143,$FB they are hitting  everything in sight.short it. but twtr,0,negative,0,negative,negative,1,0,FinGPT-mt-Llama2-7B-LoRA,fiqa,-10.188246726989746,0.3333333432674408,-10.188246726989746,0.3333333432674408,-10.188246726989746,0.3333333432674408
144,$GS sells flat..I am out..,0,negative,0,negative,negative,1,0,FinGPT-mt-Llama2-7B-LoRA,fiqa,-9.680460929870605,0.3333333432674408,-9.680460929870605,0.3333333432674408,-9.680460929870605,0.3333333432674408
145,NaturalGas Settles At 3-year Low $DBO $BNO  http://stks.co/d27qX,0,negative,0,negative,negative,1,0,FinGPT-mt-Llama2-7B-LoRA,fiqa,-10.261663436889648,0.3333333432674408,-10.261663436889648,0.3333333432674408,-10.261663436889648,0.3333333432674408
146,Long $GPRO for a brealout trade,2,positive,2,positive,positive,1,0,FinGPT-mt-Llama2-7B-LoRA,fiqa,-10.353324890136719,0.3333333432674408,-10.353324890136719,0.3333333432674408,-10.353324890136719,0.3333333432674408
147,@Renatta @Fr0van @kjepeneter @RPTL  Strong close 4 $PLNR  coming,2,positive,2,positive,positive,1,0,FinGPT-mt-Llama2-7B-LoRA,fiqa,-10.535942077636719,0.3333333432674408,-10.535942077636719,0.3333333432674408,-10.535942077636719,0.3333333432674408
148,$HYG Potential continuation Uptrend on a 60'-15'-4' charts http://stks.co/t1Qp6,2,positive,2,positive,positive,1,0,FinGPT-mt-Llama2-7B-LoRA,fiqa,-10.724970817565918,0.3333333432674408,-10.724970817565918,0.3333333432674408,-10.724970817565918,0.3333333432674408
149,$AAPL at resistance right here...sold my shares...will buy back if it dips or if it goes in the 128 gap zone,0,negative,1,neutral,neutral,0,0,FinGPT-mt-Llama2-7B-LoRA,fiqa,-10.24257755279541,0.3333333432674408,-10.24257755279541,0.3333333432674408,-10.24257755279541,0.3333333432674408
150,"$RUSS Don't catch falling knives, but I think an entry is coming soon on this",2,positive,0,negative,negative,0,0,FinGPT-mt-Llama2-7B-LoRA,fiqa,-10.231640815734863,0.3333333432674408,-10.231640815734863,0.3333333432674408,-10.231640815734863,0.3333333432674408
151,Short on $ATVI from 24.55.,0,negative,0,negative,negative,1,0,FinGPT-mt-Llama2-7B-LoRA,fiqa,-10.0762357711792,0.3333333432674408,-10.0762357711792,0.3333333432674408,-10.0762357711792,0.3333333432674408
152,End Of Day Scan: Bullish MA  Crossovers $BBVA $PDS $NTLS $NGL $SBRCY $FGL $MTNOY $TTT  www.dailystockplays.com,2,positive,2,positive,positive,1,0,FinGPT-mt-Llama2-7B-LoRA,fiqa,-10.485835075378418,0.3333333432674408,-10.485835075378418,0.3333333432674408,-10.485835075378418,0.3333333432674408
153,$INVE : SEE YA ABOVE $8,2,positive,2,positive,positive,1,0,FinGPT-mt-Llama2-7B-LoRA,fiqa,-10.659846305847168,0.3333333432674408,-10.659846305847168,0.3333333432674408,-10.659846305847168,0.3333333432674408
154,Exact (EXAS) Flagged As Strong On High Volume $EXAS http://stks.co/r26Ra,2,positive,2,positive,positive,1,0,FinGPT-mt-Llama2-7B-LoRA,fiqa,-10.59774112701416,0.3333333432674408,-10.59774112701416,0.3333333432674408,-10.59774112701416,0.3333333432674408
155,$NUAN held up well after the big gains! Maybe we're finally on the move on this!!its still very undervalued and has major upside,2,positive,2,positive,positive,1,0,FinGPT-mt-Llama2-7B-LoRA,fiqa,-10.726509094238281,0.3333333432674408,-10.726509094238281,0.3333333432674408,-10.726509094238281,0.3333333432674408
156,Why $MCD looks set to fall further. http://stks.co/f2fgj,0,negative,0,negative,negative,1,0,FinGPT-mt-Llama2-7B-LoRA,fiqa,-10.069462776184082,0.3333333432674408,-10.069462776184082,0.3333333432674408,-10.069462776184082,0.3333333432674408
157,@technik I still have a smaller $GILD pos. Being very tender with cash due to volatility. So reluctant to keep many big positions.,2,positive,1,neutral,neutral,0,0,FinGPT-mt-Llama2-7B-LoRA,fiqa,-10.443638801574707,0.3333333432674408,-10.443638801574707,0.3333333432674408,-10.443638801574707,0.3333333432674408
158,$ENB.CA {Head&Shoulders} bullish reversal setup and breakout. Oil and Gas Pipleline stock. $USO,2,positive,2,positive,positive,1,0,FinGPT-mt-Llama2-7B-LoRA,fiqa,-10.970714569091797,0.3333333432674408,-10.970714569091797,0.3333333432674408,-10.970714569091797,0.3333333432674408
159,"$CHKP ABC Bullish Pattern, Targets https://t.co/uVMmRSR5Zy",2,positive,2,positive,positive,1,0,FinGPT-mt-Llama2-7B-LoRA,fiqa,-10.967453002929688,0.3333333432674408,-10.967453002929688,0.3333333432674408,-10.967453002929688,0.3333333432674408
160,Starbucks' Digital Strategy To Drive Significant Growth With Customer Loyalty $SBUX https://t.co/Xk6lZ3UI3K,2,positive,2,positive,positive,1,0,FinGPT-mt-Llama2-7B-LoRA,fiqa,-10.142611503601074,0.3333333432674408,-10.142611503601074,0.3333333432674408,-10.142611503601074,0.3333333432674408
161,Adobe Receives New Rating from Top Analyst $ADBE https://t.co/LJNXPEvHZN,2,positive,2,positive,positive,1,0,FinGPT-mt-Llama2-7B-LoRA,fiqa,-10.375414848327637,0.3333333432674408,-10.375414848327637,0.3333333432674408,-10.375414848327637,0.3333333432674408
162,Irish housebuilder Cairn Homes plans London listing,2,positive,1,neutral,neutral,0,0,FinGPT-mt-Llama2-7B-LoRA,fiqa,-10.111034393310547,0.3333333432674408,-10.111034393310547,0.3333333432674408,-10.111034393310547,0.3333333432674408
163,CompaniesLSE adds ex-SEC head Schapiro to board,1,neutral,2,positive,positive,0,0,FinGPT-mt-Llama2-7B-LoRA,fiqa,-9.829777717590332,0.3333333432674408,-9.829777717590332,0.3333333432674408,-9.829777717590332,0.3333333432674408
164,Borealis Infrastructure putting together new Severn Trent bid,2,positive,2,positive,positive,1,0,FinGPT-mt-Llama2-7B-LoRA,fiqa,-10.046713829040527,0.3333333432674408,-10.046713829040527,0.3333333432674408,-10.046713829040527,0.3333333432674408
165,"FDA approves NPS drug, in move validating Shire takeover deal",2,positive,2,positive,positive,1,0,FinGPT-mt-Llama2-7B-LoRA,fiqa,-10.722060203552246,0.3333333432674408,-10.722060203552246,0.3333333432674408,-10.722060203552246,0.3333333432674408
166,Ocwen Reaches Settlement With California Regulator,2,positive,2,positive,positive,1,0,FinGPT-mt-Llama2-7B-LoRA,fiqa,-10.4888334274292,0.3333333432674408,-10.4888334274292,0.3333333432674408,-10.4888334274292,0.3333333432674408
167,$NFLX +1% $104.80 LONG streaming services rapidly outpacing traditional cable,2,positive,2,positive,positive,1,0,FinGPT-mt-Llama2-7B-LoRA,fiqa,-10.78006362915039,0.3333333432674408,-10.78006362915039,0.3333333432674408,-10.78006362915039,0.3333333432674408
168,Deutsche Bank cuts $SBUX,0,negative,0,negative,negative,1,0,FinGPT-mt-Llama2-7B-LoRA,fiqa,-9.772597312927246,0.3333333432674408,-9.772597312927246,0.3333333432674408,-9.772597312927246,0.3333333432674408
169,"Fastenal misses by $0.01, misses on revenue $FAST #NYSE https://t.co/63JHQ7pwMN",0,negative,0,negative,negative,1,0,FinGPT-mt-Llama2-7B-LoRA,fiqa,-9.79765510559082,0.3333333432674408,-9.79765510559082,0.3333333432674408,-9.79765510559082,0.3333333432674408
170,Tesla issues its first Model X recall https://t.co/t1kMqVwhQQ $TSLA,0,negative,0,negative,negative,1,0,FinGPT-mt-Llama2-7B-LoRA,fiqa,-9.902410507202148,0.3333333432674408,-9.902410507202148,0.3333333432674408,-9.902410507202148,0.3333333432674408
171,"Intuitive Surgical $ISRG is in a great financial position, take a look https://t.co/VahhJAcBFG https://t.co/24hQTQX4ou",2,positive,2,positive,positive,1,0,FinGPT-mt-Llama2-7B-LoRA,fiqa,-10.221630096435547,0.3333333432674408,-10.221630096435547,0.3333333432674408,-10.221630096435547,0.3333333432674408
172,"Tesla to recall 2,700 Model X SUVs over seat issue https://t.co/OdPraN59Xq $TSLA https://t.co/xvn4blIwpy https://t.co/ThfvWTnRPs",0,negative,0,negative,negative,1,0,FinGPT-mt-Llama2-7B-LoRA,fiqa,-9.724143028259277,0.3333333432674408,-9.724143028259277,0.3333333432674408,-9.724143028259277,0.3333333432674408
173,"$ATVI ooks pretty bullish for now. from a short-term perspective, it's got a good chance of maybe sliding back to 33.70 #stocks #investing",2,positive,2,positive,positive,1,0,FinGPT-mt-Llama2-7B-LoRA,fiqa,-9.453152656555176,0.3333333432674408,-9.453152656555176,0.3333333432674408,-9.453152656555176,0.3333333432674408
174,"78 users on Vetr are bearish on Tesla Motors, Inc., indicating a SELL Rating (2 stars) for $TSLA https://t.co/vVpzqCXsNJ",0,negative,0,negative,negative,1,0,FinGPT-mt-Llama2-7B-LoRA,fiqa,-9.904542922973633,0.3333333432674408,-9.904542922973633,0.3333333432674408,-9.904542922973633,0.3333333432674408
175,"$STX long play, another consistent profit zone.. check it out https://t.co/DQfuzOzYlh https://t.co/ggne4ayzqn",2,positive,2,positive,positive,1,0,FinGPT-mt-Llama2-7B-LoRA,fiqa,-10.492114067077637,0.3333333432674408,-10.492114067077637,0.3333333432674408,-10.492114067077637,0.3333333432674408
176,"$FB trend, hits mid 110's and drops",0,negative,0,negative,negative,1,0,FinGPT-mt-Llama2-7B-LoRA,fiqa,-10.137375831604004,0.3333333432674408,-10.137375831604004,0.3333333432674408,-10.137375831604004,0.3333333432674408
177,$PCLN Trying to break daily trend line! Big move could happen https://t.co/gY0aDb2jsQ https://t.co/KPBBCgQ2xy,2,positive,0,negative,negative,0,0,FinGPT-mt-Llama2-7B-LoRA,fiqa,-9.829566955566406,0.3333333432674408,-9.829566955566406,0.3333333432674408,-9.829566955566406,0.3333333432674408
178,Supermarket Stocks Rally as Tesco Plans to Axe Non-core UK Assets $TSCO https://t.co/BmvhcrwREA,2,positive,2,positive,positive,1,0,FinGPT-mt-Llama2-7B-LoRA,fiqa,-10.013463020324707,0.3333333432674408,-10.013463020324707,0.3333333432674408,-10.013463020324707,0.3333333432674408
179,$TRIP maintains Neutral rating at JP Morgan- PT cut $61 from $66,1,neutral,1,neutral,neutral,1,0,FinGPT-mt-Llama2-7B-LoRA,fiqa,-10.096577644348145,0.3333333432674408,-10.096577644348145,0.3333333432674408,-10.096577644348145,0.3333333432674408
180,Why Alphabet Inc was just upgraded to buy https://t.co/dEVnLKhqtZ $GOOGL,2,positive,2,positive,positive,1,0,FinGPT-mt-Llama2-7B-LoRA,fiqa,-10.597260475158691,0.3333333432674408,-10.597260475158691,0.3333333432674408,-10.597260475158691,0.3333333432674408
181,"Isolationism? Another Sell Rating, Sell Ratings On SPY, QQQ, IWM And Several Companies https://t.co/j35FNnx744 $AAPL #APPLE $AXP $BAC",0,negative,0,negative,negative,1,0,FinGPT-mt-Llama2-7B-LoRA,fiqa,-9.616287231445312,0.3333333432674408,-9.616287231445312,0.3333333432674408,-9.616287231445312,0.3333333432674408
182,Costco: A Premier Retail Dividend Play https://t.co/J3UhTs022M $COST,2,positive,2,positive,positive,1,0,FinGPT-mt-Llama2-7B-LoRA,fiqa,-10.040821075439453,0.3333333432674408,-10.040821075439453,0.3333333432674408,-10.040821075439453,0.3333333432674408
183,$TSLA <STUDY the CHARTS> Pullback_Time https://t.co/ZMDG0fb3I7,0,negative,2,positive,positive,0,0,FinGPT-mt-Llama2-7B-LoRA,fiqa,-9.91238021850586,0.3333333432674408,-9.91238021850586,0.3333333432674408,-9.91238021850586,0.3333333432674408
184,AstraZeneca sells Caprelsa rights to Sanofi unit,2,positive,2,positive,positive,1,0,FinGPT-mt-Llama2-7B-LoRA,fiqa,-9.576141357421875,0.3333333432674408,-9.576141357421875,0.3333333432674408,-9.576141357421875,0.3333333432674408
185,UPDATE 5-Barclays Chairman McFarlane axes CEO to speed up strategic change,0,negative,2,positive,positive,0,0,FinGPT-mt-Llama2-7B-LoRA,fiqa,-9.756163597106934,0.3333333432674408,-9.756163597106934,0.3333333432674408,-9.756163597106934,0.3333333432674408
186,Miners Meltdown as BHP to Rio Tinto Sink in Commodities Rout,0,negative,0,negative,negative,1,0,FinGPT-mt-Llama2-7B-LoRA,fiqa,-10.020308494567871,0.3333333432674408,-10.020308494567871,0.3333333432674408,-10.020308494567871,0.3333333432674408
187,GKN to buy Fokker Technologies for 706 mln euros,2,positive,2,positive,positive,1,0,FinGPT-mt-Llama2-7B-LoRA,fiqa,-10.15127944946289,0.3333333432674408,-10.15127944946289,0.3333333432674408,-10.15127944946289,0.3333333432674408
188,Shire proposes $30 bln all-share tie-up with Baxalta,2,positive,2,positive,positive,1,0,FinGPT-mt-Llama2-7B-LoRA,fiqa,-10.782094955444336,0.3333333432674408,-10.782094955444336,0.3333333432674408,-10.782094955444336,0.3333333432674408
189,"FTSE 100 falls as China devaluation hits Burberry, mining stocks",0,negative,0,negative,negative,1,0,FinGPT-mt-Llama2-7B-LoRA,fiqa,-10.075230598449707,0.3333333432674408,-10.075230598449707,0.3333333432674408,-10.075230598449707,0.3333333432674408
190,FDA approves Shire's Vyvanse for binge-eating disorder,2,positive,2,positive,positive,1,0,FinGPT-mt-Llama2-7B-LoRA,fiqa,-10.78127384185791,0.3333333432674408,-10.78127384185791,0.3333333432674408,-10.78127384185791,0.3333333432674408
191,Horizonte acquires neighbouring Glencore nickel property in Brazil,2,positive,1,neutral,neutral,0,0,FinGPT-mt-Llama2-7B-LoRA,fiqa,-9.751221656799316,0.3333333432674408,-9.751221656799316,0.3333333432674408,-9.751221656799316,0.3333333432674408
192,Glencore slumps 30 percent as debt fears grow,0,negative,0,negative,negative,1,0,FinGPT-mt-Llama2-7B-LoRA,fiqa,-10.201318740844727,0.3333333432674408,-10.201318740844727,0.3333333432674408,-10.201318740844727,0.3333333432674408
193,Aberdeen Asset Management Gains Foothold In China,2,positive,2,positive,positive,1,0,FinGPT-mt-Llama2-7B-LoRA,fiqa,-10.604146003723145,0.3333333432674408,-10.604146003723145,0.3333333432674408,-10.604146003723145,0.3333333432674408
194,UPDATE 1-EU regulator backs approval for GSK injectable asthma drug,2,positive,2,positive,positive,1,0,FinGPT-mt-Llama2-7B-LoRA,fiqa,-10.659187316894531,0.3333333432674408,-10.659187316894531,0.3333333432674408,-10.659187316894531,0.3333333432674408
195,Breakingviews: IAG can pay more for Aer Lingus,2,positive,2,positive,positive,1,0,FinGPT-mt-Llama2-7B-LoRA,fiqa,-9.65855598449707,0.3333333432674408,-9.65855598449707,0.3333333432674408,-9.65855598449707,0.3333333432674408
196,AB InBev offers SABMiller $3 billion breakup fee,2,positive,0,negative,negative,0,0,FinGPT-mt-Llama2-7B-LoRA,fiqa,-9.719520568847656,0.3333333432674408,-9.719520568847656,0.3333333432674408,-9.719520568847656,0.3333333432674408
197,"METALS-Zinc surges 12 pct after Glencore cuts output, fuelling metals rally",2,positive,2,positive,positive,1,0,FinGPT-mt-Llama2-7B-LoRA,fiqa,-10.596991539001465,0.3333333432674408,-10.596991539001465,0.3333333432674408,-10.596991539001465,0.3333333432674408
198,CompaniesUnilever sales lifted by ice cream in soft economy,2,positive,2,positive,positive,1,0,FinGPT-mt-Llama2-7B-LoRA,fiqa,-10.78271770477295,0.3333333432674408,-10.78271770477295,0.3333333432674408,-10.78271770477295,0.3333333432674408
199,AB InBev attacks SABMiller bid rebuffal,0,negative,2,positive,positive,0,0,FinGPT-mt-Llama2-7B-LoRA,fiqa,-9.898224830627441,0.3333333432674408,-9.898224830627441,0.3333333432674408,-9.898224830627441,0.3333333432674408
200,Kinder Morgan and BP Form Joint Venture Limited Liability Company to Purchase ...,2,positive,2,positive,positive,1,0,FinGPT-mt-Llama2-7B-LoRA,fiqa,-9.988739967346191,0.3333333432674408,-9.988739967346191,0.3333333432674408,-9.988739967346191,0.3333333432674408
201,"HSBC shakes up board with two new business chiefs, three departures",1,neutral,1,neutral,neutral,1,0,FinGPT-mt-Llama2-7B-LoRA,fiqa,-10.090641021728516,0.3333333432674408,-10.090641021728516,0.3333333432674408,-10.090641021728516,0.3333333432674408
202,$EXPE working on the second leg of its reversal run as it breaks another down trend and continues higher. https://t.co/76DSJysyR0,2,positive,2,positive,positive,1,0,FinGPT-mt-Llama2-7B-LoRA,fiqa,-10.727407455444336,0.3333333432674408,-10.727407455444336,0.3333333432674408,-10.727407455444336,0.3333333432674408
203,$CTRP breaking out https://t.co/Z2je3rTKch,2,positive,2,positive,positive,1,0,FinGPT-mt-Llama2-7B-LoRA,fiqa,-10.60280990600586,0.3333333432674408,-10.60280990600586,0.3333333432674408,-10.60280990600586,0.3333333432674408
204,#Fintech provider $CAFN Cachet Financial Solutions Surging Forward today post earnings Up +13.26% https://t.co/9BJ3csk2i9 $JKHY $FISV #Momo,2,positive,2,positive,positive,1,0,FinGPT-mt-Llama2-7B-LoRA,fiqa,-10.547348022460938,0.3333333432674408,-10.547348022460938,0.3333333432674408,-10.547348022460938,0.3333333432674408
205,5 Best Analyst Rated Stocks in Last 72hrs: $ORCL $AAPL $CBS $INO $CPXX View all ratings here: https://t.co/IRID6zd5gc,2,positive,2,positive,positive,1,0,FinGPT-mt-Llama2-7B-LoRA,fiqa,-9.630337715148926,0.3333333432674408,-9.630337715148926,0.3333333432674408,-9.630337715148926,0.3333333432674408
206,$AMZN new HOD with conviction keeping $570 on watch for Resistance.,2,positive,2,positive,positive,1,0,FinGPT-mt-Llama2-7B-LoRA,fiqa,-10.484436988830566,0.3333333432674408,-10.484436988830566,0.3333333432674408,-10.484436988830566,0.3333333432674408
207,5-star analyst @brianwieser from Pivotal Research upgraded rating on $GOOGL to BUY. Brian has a 79% success rate https://t.co/t0dn02EOH5,2,positive,2,positive,positive,1,0,FinGPT-mt-Llama2-7B-LoRA,fiqa,-10.702702522277832,0.3333333432674408,-10.702702522277832,0.3333333432674408,-10.702702522277832,0.3333333432674408
208,This $BBBY stock options trade would have more than doubled your money https://t.co/Oa0loiRIJL via @TheStreet,2,positive,2,positive,positive,1,0,FinGPT-mt-Llama2-7B-LoRA,fiqa,-10.42502212524414,0.3333333432674408,-10.42502212524414,0.3333333432674408,-10.42502212524414,0.3333333432674408
209,X marks the recall: Tesla recalls #ModelX for faulty 3rd row seat. https://t.co/HSqdoVry07 $TSLA https://t.co/4Cs3CNZEBB,0,negative,0,negative,negative,1,0,FinGPT-mt-Llama2-7B-LoRA,fiqa,-9.847700119018555,0.3333333432674408,-9.847700119018555,0.3333333432674408,-9.847700119018555,0.3333333432674408
210,$VRTX early technical BUY signal... for confirmation > 86 it needs some fundam. incentive https://t.co/QuYSrqFo2x,2,positive,2,positive,positive,1,0,FinGPT-mt-Llama2-7B-LoRA,fiqa,-10.794170379638672,0.3333333432674408,-10.794170379638672,0.3333333432674408,-10.794170379638672,0.3333333432674408
211,"@CGrantWSJ I think this $TSLA bubble might go on for some time. So long as ppl love the cars, they might keep getting funding.",2,positive,2,positive,positive,1,0,FinGPT-mt-Llama2-7B-LoRA,fiqa,-9.570032119750977,0.3333333432674408,-9.570032119750977,0.3333333432674408,-9.570032119750977,0.3333333432674408
212,$GOOGL is a short below 740 into the upper BB and is overbought,0,negative,0,negative,negative,1,0,FinGPT-mt-Llama2-7B-LoRA,fiqa,-10.077157974243164,0.3333333432674408,-10.077157974243164,0.3333333432674408,-10.077157974243164,0.3333333432674408
213,Commented on It's Time To Embrace Dividend Growth https://t.co/wc2qfP79TN $ABBV $CSCO $WYN,2,positive,1,neutral,neutral,0,0,FinGPT-mt-Llama2-7B-LoRA,fiqa,-9.607855796813965,0.3333333432674408,-9.607855796813965,0.3333333432674408,-9.607855796813965,0.3333333432674408
214,$FB popping up to HOD,2,positive,2,positive,positive,1,0,FinGPT-mt-Llama2-7B-LoRA,fiqa,-10.413622856140137,0.3333333432674408,-10.413622856140137,0.3333333432674408,-10.413622856140137,0.3333333432674408
215,"Daily Mail owner considering Yahoo bid $yhoo ,up 2,05% https://t.co/extZr1riyP",2,positive,2,positive,positive,1,0,FinGPT-mt-Llama2-7B-LoRA,fiqa,-10.600326538085938,0.3333333432674408,-10.600326538085938,0.3333333432674408,-10.600326538085938,0.3333333432674408
216,$ISRG PT raised to $700 from $640 at Leerink - keeps Outperform rated,2,positive,2,positive,positive,1,0,FinGPT-mt-Llama2-7B-LoRA,fiqa,-10.780085563659668,0.3333333432674408,-10.780085563659668,0.3333333432674408,-10.780085563659668,0.3333333432674408
217,Long $TSLA short $MBLY https://t.co/jSpUSzo6na,2,positive,0,negative,negative,0,0,FinGPT-mt-Llama2-7B-LoRA,fiqa,-10.016189575195312,0.3333333432674408,-10.016189575195312,0.3333333432674408,-10.016189575195312,0.3333333432674408
218,"potential defect with third-row seat belts. Tesla Motors recalls 2,700 Model X SUVs $TSLA https://t.co/YVYDncdNdi",0,negative,0,negative,negative,1,0,FinGPT-mt-Llama2-7B-LoRA,fiqa,-9.853145599365234,0.3333333432674408,-9.853145599365234,0.3333333432674408,-9.853145599365234,0.3333333432674408
219,Thank you $GOOG (Google Alphabet) and $FB (Facebook) stocks! What a nice reversal.,2,positive,2,positive,positive,1,0,FinGPT-mt-Llama2-7B-LoRA,fiqa,-10.595011711120605,0.3333333432674408,-10.595011711120605,0.3333333432674408,-10.595011711120605,0.3333333432674408
220,$GOOGL gets an upgrade price target $970,2,positive,2,positive,positive,1,0,FinGPT-mt-Llama2-7B-LoRA,fiqa,-10.781991004943848,0.3333333432674408,-10.781991004943848,0.3333333432674408,-10.781991004943848,0.3333333432674408
221,$SAP Q1 disappoints as #software licenses down. Real problem? #Cloud growth trails $MSFT $ORCL $GOOG $CRM $ADBE https://t.co/jNDphllzq5,0,negative,0,negative,negative,1,0,FinGPT-mt-Llama2-7B-LoRA,fiqa,-9.788456916809082,0.3333333432674408,-9.788456916809082,0.3333333432674408,-9.788456916809082,0.3333333432674408
222,$GOOGL is setting up above its 50-day moving average. https://t.co/tTm9RnFoXJ,2,positive,2,positive,positive,1,0,FinGPT-mt-Llama2-7B-LoRA,fiqa,-10.605476379394531,0.3333333432674408,-10.605476379394531,0.3333333432674408,-10.605476379394531,0.3333333432674408
223,$FB still a dog going much lower this week,0,negative,0,negative,negative,1,0,FinGPT-mt-Llama2-7B-LoRA,fiqa,-9.886771202087402,0.3333333432674408,-9.886771202087402,0.3333333432674408,-9.886771202087402,0.3333333432674408
224,$BAC $ADSK $NFLX long this morning,2,positive,2,positive,positive,1,0,FinGPT-mt-Llama2-7B-LoRA,fiqa,-10.72348403930664,0.3333333432674408,-10.72348403930664,0.3333333432674408,-10.72348403930664,0.3333333432674408
225,Locked in some $FB puts for nice gain,0,negative,2,positive,positive,0,0,FinGPT-mt-Llama2-7B-LoRA,fiqa,-10.171782493591309,0.3333333432674408,-10.171782493591309,0.3333333432674408,-10.171782493591309,0.3333333432674408
226,#Apple up almost 20% from its February lows with very little fanfare. $AAPL,2,positive,2,positive,positive,1,0,FinGPT-mt-Llama2-7B-LoRA,fiqa,-10.542824745178223,0.3333333432674408,-10.542824745178223,0.3333333432674408,-10.542824745178223,0.3333333432674408
227,$COST short finally making gains. I will take half my gains at 147,0,negative,2,positive,positive,0,0,FinGPT-mt-Llama2-7B-LoRA,fiqa,-10.272530555725098,0.3333333432674408,-10.272530555725098,0.3333333432674408,-10.272530555725098,0.3333333432674408
228,@scottrade Why is $tsla not available for shorting at this time?  Same for $w?,0,negative,2,positive,positive,0,0,FinGPT-mt-Llama2-7B-LoRA,fiqa,-9.81050968170166,0.3333333432674408,-9.81050968170166,0.3333333432674408,-9.81050968170166,0.3333333432674408
229,Juniper tumbles on Q1 warning; Cisco also lower https://t.co/N8X8BpLJ1E $JNPR $CSCO,0,negative,0,negative,negative,1,0,FinGPT-mt-Llama2-7B-LoRA,fiqa,-9.897027969360352,0.3333333432674408,-9.897027969360352,0.3333333432674408,-9.897027969360352,0.3333333432674408
230,"DJI overbought: $AAPL, $AXP, $BA, $CVX, $IBM, $INTC, $VZ https://t.co/wMy1PnomJF",0,negative,0,negative,negative,1,0,FinGPT-mt-Llama2-7B-LoRA,fiqa,-10.02562427520752,0.3333333432674408,-10.02562427520752,0.3333333432674408,-10.02562427520752,0.3333333432674408
231,"Baird likes $TSLA - upgrades to outperform, lifts price target to $300. Research firm also sees no capital raise necessary in next few qtrs",2,positive,2,positive,positive,1,0,FinGPT-mt-Llama2-7B-LoRA,fiqa,-10.915040016174316,0.3333333432674408,-10.915040016174316,0.3333333432674408,-10.915040016174316,0.3333333432674408
232,$TSLA not dipping - testing the 200 day ma https://t.co/jEPLmZQKGW,2,positive,1,neutral,neutral,0,0,FinGPT-mt-Llama2-7B-LoRA,fiqa,-10.13826847076416,0.3333333432674408,-10.13826847076416,0.3333333432674408,-10.13826847076416,0.3333333432674408
233,Facebook $FB received a Buy rating from Wells Fargo 5-star Analyst Peter Stabler (Wells Fargo) https://t.co/jnB4c9vdCu,2,positive,2,positive,positive,1,0,FinGPT-mt-Llama2-7B-LoRA,fiqa,-10.675361633300781,0.3333333432674408,-10.675361633300781,0.3333333432674408,-10.675361633300781,0.3333333432674408
234,Citrix Systems Inc $CTXS Position Increased by Mizuho… https://t.co/v7Lkq08Flp @ShareStockNews,2,positive,2,positive,positive,1,0,FinGPT-mt-Llama2-7B-LoRA,fiqa,-10.376962661743164,0.3333333432674408,-10.376962661743164,0.3333333432674408,-10.376962661743164,0.3333333432674408
