sentence,label
"The e-commerce site and flagship will be managed by Marimekko North America Retail LLC , a subsidiary established in the U.S. last year .",neutral
"The Costanza light , with an aluminum base and washable shade , comes in white , pistachio , orange , blue and red .",neutral
The fair value of the company 's investment properties went down to EUR2 .769 bn at the end of September 2009 from EUR2 .878 bn a year earlier .,negative
"HELSINKI ( AFX ) - Shares closed higher , led by Nokia after it announced plans to team up with Sanyo to manufacture 3G handsets , and by Nokian Tyres after its fourth-quarter earnings report beat analysts ' expectations , dealers said .",positive
Electronic versions require 24-48 hours as each copy is customized to the client with digital controls and custom watermarks .,neutral
Amanda Capital has investments in 22 private equity funds and in over 200 unquoted companies mainly in Europe .,neutral
"Rohwedder Group is an automotive supplies , telecommunications and electronics industry provider for customers in Europe , North America and Asia .",neutral
"It generated an operating loss of EUR 96.3 mn , down from a profit of EUR 43.9 mn .",negative
Okmetic expects its net sales for the first half of 2009 to be less than in 2008 .,negative
"The Inventors are Ridge Justin , Bao Yiliang and Karczewicz Marta .",neutral
"The decision reflects the underutilisation of the line , which produces nonwovens used in medical and wipes applications as well as for the automotive industry .",neutral
Net sales in 2007 are expected to be 10 % up on 2006 .,positive
"Both operating profit and turnover for the three-month period increased , respectively from EUR0 .9 m and EUR8 .3 m , as compared to the corresponding period in 2005 .",positive
"Currently the Terminator lures are produced in a subcontract facility in Mexico but the manufacturing will be transferred to Rapala 's factory in Shenzhen , China .",neutral
The net sales of the Power Plants business were EUR 710.3 million in 2005 .,neutral
The Group also has a strong global position in other fishing categories .,positive
The project is expected to be completed in 2009 .,neutral
The share of the share capital of both above mentioned shareholders remains below 5 % .,neutral
"Following the issue , the new shares will constitute 10 percent of the firm 's capital .",neutral
The first stage of the contract covers 133 stores and 600 cash registers .,neutral
Currency conversions are based on exchange rates at the time of the deal .,neutral
Mobile communication and wireless broadband provider Nokia Inc NYSE : NOK today set new financial targets and forecasts for Nokia and the mobile device industry and also for Nokia Siemens Networks and the mobile and fixed infrastructure and related services market .,neutral
"According to preliminary data from Slovakia 's Statistics Office , goods worth E36 .4 million were imported from Finland between January and October 2010 , making up 0.1 percent of Slovakia 's total imports .",neutral
Oriola-KD is a spin-off of Finnish pharmaceutical group Orion Oyj 's wholesale division .,neutral
"( ADP News ) - Dec 11 , 2008 - Finnish construction and engineering company Outotec Oyj ( OMX : OTE1V ) said today it won a EUR 28 million ( USD 36.8 m ) order to expand the phosphate concentrator in Siilinjarvi of Norwegian minera",positive
"It comes complete with an LCD touch screen system for selection of your chosen function and prices start at around the pounds 4,805 mark .",neutral
The non-recurring costs caused to Talentum 's Premedia business area by the restructuring will amount to 2.0 mln euro $ 2.7 mln and will be included in the company 's financial results for the second quarter of 2007 .,neutral
"German Commerzbank AG 's Hamburg Branch and US JP Morgan ( NYSE : JPM ) participated as arrangers , and Dutch ING ( AMS : INGA ) as co-arranger .",neutral
"Finnish shipping company Finnlines ' pretax loss totalled EUR 6.5 mn in the third quarter of 2009 , compared to a profit of EUR 0.3 mn in the third quarter of 2008 .",negative
The investments and operational changes enable additional optimisation of the working hours and thereby further cost savings of some 7 % -9 % .,positive
"Revenue in July to September grew 14 percent to ( EURO ) 467 million from a year earlier , the company said Thursday .",positive
EUR 152.4 mn of this was net interest income .,neutral
The business section also includes Ahlstrom 's sustainability report .,neutral
The contract value amounts to EUR 2.4 million .,neutral
"A. Le Coq Special was developed for the bicentenary of the company and the trade mark , the brewer said .",neutral
The expanded plant is scheduled to be operational by the middle of October 2009 .,neutral
In 2007 Etteplan reported a turnover of EUR125 .2 m.,neutral
Both Mr Walden and Mr Ignatius will be responsible also for the newspapers ' business result .,neutral
AffectoGenimap builds highly customised IT solutions for its customers in Finland and the Baltic countries .,neutral
No decision on such sale of the now issued or existing treasury shares to YA Global has been made yet .,neutral
"Lassila & Tikanoja 's operating profit excluding non-recurring and imputed items for the second quarter was EUR11 .3 m , down from EUR13 .8 m a year ago .",negative
The fixed acquisition price amounts to NOK 70 ( approximately EUR 8.7 ) million and additional price NOK 15 ( EUR 1.8 ) million at maximum .,neutral
The exercise originated in Finland in the early 1930s as a training method for cross-country skiers .,neutral
"The huge bridge girders will be delivered to the site from our plant in Ylivieska , Finland .",neutral
"no compensation for its news , opinions or distributions .",neutral
The writing and publication of Lemmink+ñinen -¦ s history is a continuation of earlier collaboration between Antti Tuuri and the company .,neutral
"HUHTAMAKI OYJ STOCK EXCHANGE RELEASE , 16.9.2008 AT 13.32 Huhtamaki 's Capital Markets Day for institutional investors and analysts is held in Espoo , September 16 , 2008 starting at 13.30 pm Finnish time .",neutral
The deliveries are scheduled for the summer and autumn of 2008 .,neutral
"The contract covers the manufacturing , surface-treatment and installation of the steel structures .",neutral
"`` The number of collection errors fell considerably , and operations speeded up .",positive
Operating profit improved by 27 % to EUR 579.8 mn from EUR 457.2 mn in 2006 .,positive
"The business had gross written premiums of EUR152 .4 m (  91.5 m ) in 2000 , a net combined ratio of 133 % and 175 staff in total with offices in the UK , Germany and Benelux .",neutral
Cameco typically prices sales contracts using a 40:60 ratio of fixed prices and spot prices .,neutral
"The value of the contract is about EUR1 .0 m. Poyry , headquartered in Vantaa , Finland provides consulting and engineering services to the energy , forestry and infrastructure & environment sectors .",neutral
"The inaugural speech will be given by Hannu Kyrolainen , Finland 's Ambassador to the Czech Republic .",neutral
"The financial impact is estimated to be some 1.5 MEUR annual improvement in the division 's result , starting from fiscal year 2007 .",positive
"Samsung currently occupies third place and lost ground during the quarter , dropping by 1.8 % to an 11.1 % share overall .",negative
Tiimari operates 194 stores in six countries -- including its core Finnish market -- and generated a turnover of 76.5 mln eur in 2005 .,neutral
"The Whitehall Street Real Estate Funds invest in real estate and real estate related assets , principally through the acquisition of real estate companies , real property and mortgage loans .",neutral
"Consisting of seven interconnected units , Mega Image 's logistics center will be 347 metres in length and 12 metres in height .",neutral
"In December alone , the members of the Lithuanian Brewers ' Association sold a total of 20.3 million liters of beer , an increase of 1.9 percent from the sales of 19.92 million liters in December 2004 .",positive
Diluted earnings per share ( EPS ) rose to EUR 0.52 versus EUR 0.09 .,positive
"Previously , Grimaldi held a 46.43 pct stake in the Finnish company following the takeover bid launched in November 2006 .",neutral
Operating profit was EUR 1.6 mn in 2005 compared to EUR 5.9 mn in 2004 .,negative
"Foundries division reports its sales increased by 9.7 % to EUR 63.1 mn from EUR 57.5 mn in the corresponding period in 2006 , and sales of the Machine Shop division increased by 16.4 % to EUR 41.2 mn from EUR 35.4 mn in the corresponding period in 2006 .",positive
The studies are expected to start in 2008 .,neutral
Stichting Pensioenfonds ABP : 4 118 122 shares representing 5.19 % of the share capital and voting rights .,neutral
"The Web-Marela application handles invitations to quote , quote comparisons , agreements , purchases , invoice inspections , inventory management , and deliveries .",neutral
"mn , and pretax profit to EUR 46.4 mn from EUR 35.8 mn in the third quarter of 2006 .",positive
"Finnish Suominen Corporation that makes wipes , nonwovens , and flexible packaging , expects changes in the market situation to reduce sales of Suominen 's nonwovens and wet wipes from the previously estimated volumes .",negative
Rapala aims to move the distribution unit Ragot from Loudeac in Bretagne and the distribution unit Waterqueen and the fishing line supplier Tortue from Saint Marcel in Central France to Morvillars .,neutral
Almost the entire office building will be occupied by Metso .,neutral
"The price of the 10,000 kroon par value bonds was 9663,51 kroons in the primary issue .",neutral
"Ahlstrom 's 5,700 employees serve customers via sales offices and production facilities in more than 20 countries on six continents .",neutral
- Counter your competitor 's strengths and target their weaknesses .,neutral
"Satama 's net profit for the third quarter of 2007 rose to 275,000 euro ( $ 395,000 ) from 270,000 euro ( $ 388,000 ) for the same period of 2006 .",positive
Shares will be acquired in accordance with section 5 of the rules of NASDAQ OMX Helsinki and other rules applicable to the acquisition of own shares .,neutral
"Some 3.8 mln euro ( $ 5.2 mln ) of the base acquisition price will be paid in cash and the rest through a subscription offering of a total of 850,000 new Ixonos shares .",neutral
"`` The industry is coming to an interesting fork in the road as both handset manufacturers and wireless carriers attempt to serve as the portal for Web-based service to your wireless handset , '' he wrote .",neutral
"CS Cabot exports 55 % of its production mainly to Goodyear , Bridgestone and Michelin plants in Poland , as well as to Germany 's Michelin or Italy 's Pirelli through the company 's logistics center in Paris , Stefan said .",neutral
"TietoEnator was down 1.13 pct to 18.38 , extending recent lows after last week 's second-quarter report , dealers said .",negative
Microsoft last week also issued the first patch for the Windows 7 operating system beta it had released days earlier .,neutral
The EUR 0.7 million non-recurring expenses have been recorded for the third quarter .,neutral
Salonen added that data shows producers ' pulp inventories in North America are declining . ',negative
From Merisatama to the far corners of the world Asfaltti Osakeyhti+Â Lemmink+ñinen was established in 1910 by a group of master builders in Helsinki as a specialist business and subcontractor .,neutral
"CapMan has four investment areas ( CapMan Buyout , CapMan Technology , CapMan Life Science and CapMan Real Estate ) , and each of them has a dedicated team .",neutral
"The business has sales of about ( Euro ) 35 million ( $ 44million ) , and has been responsible for sales and marketing of Lanxess 's paper chemicals business , which Kemira bought for ( Euro ) 88 million early this year ( CW , Jan. 11 , p. 22 ) .",neutral
Basware finances the acquisition with a bank loan .,neutral
"Net sales of Kyro 's main business area , Glaston Technologies , a manufacturer of glass processing machines , decreased to EUR 161.5 mn from EUR 164.1 mn in January-September 2005 .",negative
Operating profit totaled EUR 17.7 mn compared to EUR 17.6 mn in the corresponding period in 2007 .,positive
The company 's model is based on developer contracting construction projects and customer focused project management .,neutral
Technical indicators for the stock are bullish and S&P gives NOK a positive 4 STARS out of 5 buy ranking .,positive
Operating profit increased by 145.1 % to EUR 8.3 mn from EUR 3.4 mn .,positive
Cash Flow from Operations for the most recent quarter also reached a eight year low .,negative
"Payment for acquired shares will be made in cash , and the price per share will be EUR 1 plus an administration fee .",neutral
"Cargotec 's sales totalled EUR 3.4 billion in 2008 and it employs approximately 11,000 people .",neutral
The mill is concentrating on getting the supercalendered line running satisfactorily before restarting its older newsprint line .,neutral
"As of July 2 , 2007 , the market cap segments will be updated according to the average price in May 2007 .",neutral
"About 36 % of this came from Aspo Chemicals , 39 % from Aspo Shipping and 25 % from Aspo Systems .",neutral
`` Our Vaalipalvelu-service was especially developed for use by communities and organizations .,neutral
Pertti Ervi is independent from the Company and its major shareholders .,neutral
"The sale of Savcor FACE to Cencorp will result in a profit or loss which can not yet be determined , owing to factors including the valuation of the consideration shares to be received and prevailing exchange rates .",neutral
A 2001 agreement expired earlier this month .,neutral
"The company operates a U.S. division in Lisle , Ill. .",neutral
"In October , UPM reported a third-quarter net loss of euro86 million $ 110 million compared with a net profit of euro120 million in 2007 .",negative
"ADP News - Feb 25 , 2009 - Finnish printed circuit board PCB maker Aspocomp Group Oyj HEL : ACG1V said today it swung to a net profit of EUR 300,000 USD 385,000 for 2008 versus a net loss of EUR 65.3 million",positive
An EU law on the issue may be introduced around 2010 .,neutral
The value of the multi-year agreement is over EUR 2mn a year .,neutral
"Profit before taxes was EUR 4.0 mn , down from EUR 4.9 mn .",negative
"In the fourth quarter of 2008 , net sales increased by 2 % to EUR 1,050.7 mn from EUR 1,027.0 mn in the fourth quarter of 2007 .",positive
Finnish waste management and cleaning group Lassila & Tikanoja Oyj ( L&T ) net profit went down to 32.2 mln euro ( $ 47.7 mln ) for 2007 from 35.3 mln euro ( $ 52.3 mln ) for 2006 .,negative
The MET is located in the Central Business District ( CBD ) of Bangkok .,neutral
"Nordic banks have already had to write off sizable loans in Latvia , with Swedbank , Nordea , DnB NOR and SEB reporting combined losses in excess of $ 1.35 billion in the period 2007 to 2010 against a backdrop of near economic meltdown in Latvia .",negative
"At the moment , there are approximately 20 Vianor sales offices in Russia .",neutral
"The company said that 80 % of the shares of the holding company will be sold to Meadville Holdings Limited , a Hong Kong listed parent company of the Meadville Group .",neutral
Net sales dropped by 6 % year-on-year to EUR 11.9 million .,negative
"The second variant offers complete final finishing of any selected apartment with foreign high quality materials ( Finland , Denmark , Germany , France ) .",neutral
EBIT excluding non-recurring items was estimated to increase from 2009 .,positive
Runway Visual Range is a calculated assessment of the distance that a pilot can see down a runway .,neutral
The company will propose a dividend of EUR0 .12 per share for 2008 .,neutral
"Finland-based Elcoteq SE , a privately held provider of electronics manufacturing services to communications companies , said Thursday it signed a long-term manufacturing supply deal with communications equipment company Andrew Corp. .",positive
The company slipped to an operating loss of EUR 2.6 million from a profit of EUR 1.3 million .,negative
"Konecranes Oyj KCR1V FH fell 5.5 percent to 20.51 euros , the biggest fall since June .",negative
"When the product is manufactured in Finland , it is also packed in the country .",neutral
The parties have agreed not to disclose the transaction value .,neutral
Lieksaare Oy has earlier been regarded under the control of Saarelainen Oy and the individual shareholders under the shareholder agreement .,neutral
Sanoma announced the Stock Option Scheme 2008 on 19 December 2008 .,neutral
Cargotec 's business areas also include the container handling solutions business area Kalmar and the marine cargo handling and offshore load handling solutions business area MacGREGOR .,neutral
"The company 's net profit amounted to EE 55.5 mn , which was 36 % more than in 2004 .",positive
"The reason for this is St. Petersburg status as a capital , one of the participants in the meeting quoted Chikunov as saying .",neutral
"The company said that paper demand increased in all of its main markets , including of publication papers , and that it increased average paper prices by 4 percent compared with last year .",positive
"Tieto 's service is also used to send , process and receive materials related to absentee voting .",neutral
"An  of the invention , released by the Patent Office , said : `` The chambers are pressurized .",neutral
The value of the order is EUR 4mn .,neutral
"The business area has operations in Finland , Sweden , Denmark , Estonia , Latvia and Lithuania .",neutral
Her last position in Nokia Siemens Networks was head of Business Human Resources NSN global IT .,neutral
"Typically , the transmission power level can be decreased when the interference noise is above a predefined value .",neutral
"The contractor of the shopping center , China State Construction Engineering Corporation , has previously built e.g. airports , hotels and factories for large international customers in different parts of the world .",neutral
"The order includes a log handling line , peeling line and drying line for the production of parquet base layer veneer for Plyfa 's Hassela mill , central Sweden .",neutral
The products have a low salt and fat content .,neutral
"ADP News - Nov 13 , 2008 - Finnish printed circuit board PCB maker Aspocomp Group Oyj OMX : ACG1V said today that its net loss narrowed to EUR 2 million USD 2.5 m in the first nine months of 2008 from EUR 57",positive
Finnish cutlery and hand tools maker Fiskars Oyj Abp ( HEL : FISAS ) said today its net profit rose to EUR 24.1 million ( USD 33.6 m ) in the third quarter of 2010 from EUR 17.9 million a year earlier .,positive
SCANIA Morgan Stanley lifted the share target on Swedish heavy-duty truck and bus maker Scania AB to 330 crowns ( $ 42.4 - 35.2 euro ) from 310 crowns ( $ 39.8 - 33.1 euro ) .,positive
"The reorganisation will be carried out by transferring HKScan Corporation 's production-related property , plant and equipment in Finland as well as its holdings in subsidiaries and associates to HKScan Finland Oy , a holding company wholly owned by HKScan Corporation .",neutral
"In Middle East & North Africa , Tecnotree has grown considerably in the recent years .",positive
Finnish automation solutions developer Cencorp Corporation ( OMX Helsinki : CNC1V ) issued on Thursday ( 18 September ) a profit warning for the third quarter of 2008 .,negative
Ruukki 's order book at the end of 2010 was 30 % up year-on-year and 10 % up quarter-on-quarter .,positive
The transactions would increase earnings per share in the first quarter by some EUR0 .28 .,positive
"Finnish plumbing and heating systems supplier Uponor 's net sales in continuing business operations decreased to EUR 249.1 mn in July-September 2008 , compared to EUR 262.1 mn in the third quarter of 2007 .",negative
"The business units of the InvestLesProm Group cover the full forest industry chain , and the Group owns forests , sawmills , paper and pulp mills , and other processing plants .",neutral
"The acquisition was financed with $ 2.56 billion of debt arranged by Goldman , Sachs & Co. .",neutral
"The contract covers turnkey deliveries to all five airports operated by the authority -- John F Kennedy , LaGuardia , Newark , Teterboro and Stewart International .",neutral
at 9:00 EET Alma Media 's Annual Report for 2009 is scheduled to be published in calendar week 9 .,neutral
"Profit for the period was EUR 9.8 mn , up from EUR 6.0 mn in 2004 .",positive
"HK Ruokatalo produces many turkey products , such as cold cuts .",neutral
Le Lay succeeds Walter G++nter and will be based in Finland .,neutral
"In Q1 of 2009 , the company 's operating loss totalled EUR 0.3 mn , compared to a profit of EUR 3.6 mn in Q1 of 2008 .",negative
"EXEL COMPOSITES IN BRIEF Exel Composites is a technology company which designs , manufactures and markets composite profiles and tubes for industrial applications .",neutral
The terms of the transactions remained undisclosed .,neutral
"26 January 2011 - Finnish metal products company Componenta Oyj ( HEL : CTH1V ) said yesterday its net loss narrowed to EUR500 ,000 in the last quarter of 2010 from EUR5 .3 m for the same period a year earlier .",positive
Feed companies Suomen Rehu and Raisio do no import GMO feed .,neutral
Symphony Services provides development services for Aldata GOLD .,neutral
All depends on financing .,neutral
"The first phase of the logistics complex envisages the completion of some 70,000 sq m of logistics premises and the gatehouse building in November 2008 .",neutral
Finnish communication electronics components supplier Scanfil Oyj Tuesday said sales in the first half of 2006 will be 15 % lower than during the same period a year ago .,negative
"Before Kemira 's installation NordAlu was producing 3,500 tons of liquid and solid aluminum waste per year .",neutral
"cents The profile contains business operations , the company history , major products and services , prospects , key competitors , structure and key employees , locations and subsidiaries .",neutral
Net sales decreased to EUR 91.6 mn from EUR 109mn in the corresponding period in 2005 .,negative
The Insolvency Act regulates the amount of debt that borrowers are permitted to write off .,neutral
Operating income rose to EUR 696.4 mn from EUR 600.3 mn in 2009 .,positive
"Profit before taxes amounted to EUR 56.5 mn , down from EUR 232.9 mn a year ago .",negative
The value of the three-year contract is estimated at EUR40m .,neutral
The per-share subscription price of the shares subscribed with the option rights was EUR 1.35 .,neutral
"`` The biggest challenge was to make the piece look raw , '' Hansen said .",neutral
"- The Group -¦ s cumulative sales during the review period were EUR 48.2 million EUR 53.1 million , 1-9/2007 and profit before taxes was EUR 1.2 1.4 million .",neutral
"RAPALA TOURNAMENT FISHING : With all the major titles already out for the holidays , bargain-priced games such as Rapala aim for a smaller audience .",neutral
"ADP News - Nov 6 , 2008 - Finnish retail software developer Aldata Solution Oyj OMX : ALD1V said today that it swung to a net profit of EUR 2.1 million USD 2.7 m for the first nine months of 2008 versus a net loss of EU",positive
"A total of 1,800,000 stock options were issued in the 2003 stock option scheme .",neutral
Operating profit rose to EUR 1.6 mn from EUR 1.1 mn in the corresponding period in 2006 .,positive
Risk exposure by Non-life Insurance  Moving 12-month  Expenses by function in Non-life Insurance excluding expenses for investment management and expenses for other services rendered Non-life Insurance investment portfolio by allocation,neutral
`` The combined activities will create value for shareholders and be good for our employees and customers .,positive
"Tikkurila Powder Coatings has some 50 employees at its four paint plants , which generated revenues of EUR2 .4 m USD3 .3 m in 2010 .",neutral
"The company is also seeking possibilities to relocate the Luumaki personnel , some 50 people , to other UPM mills .",neutral
"Target company : Tieto Corporation , Business Identity Code : 0101138-5 Date of change in holding : 22 January 2010 Portion of the shares and votes : The current group holding of OP-Pohjola Group Central Cooperative ( OPK ) is 2982 587 shares , which represents 4.14 % of the shares and voting rights .",neutral
"Danske Bank A-S DANSKE DC jumped 3.7 percent to 133.4 kroner , rebounding from yesterday s 3.5 percent slide .",positive
The new factory working model and reorganisations would decrease Nokian Tyres ' costs in the factory by EUR 30 million ( USD 38.7 m ) .,positive
Sales in Finland rose by 3.9 % and international growth was 0.7 % .,positive
Tielinja generated net sales of 7.5 mln euro $ 9.6 mln in 2005 .,neutral
"comparable operating profit totaled EUR 854mn , up from EUR 730mn in 2004 .",positive
"The group 's operating loss was EUR 0.8 mn , down from a profit of EUR 2.5 mn in 2004 .",negative
The sellers were EOSS Innovationsmanagement and a group of private individuals .,neutral
Finnish investment company Neomarkka is the main owner of Kuitu Finland 's successor .,neutral
"In January-September 2007 , the group 's net sales from continuing operations rose to EUR 213.1 mn from EUR 172.6 mn in the corresponding period in 2006 .",positive
"The five-storey , eco-efficient building will have a gross floor area of about 15,000 sq m. It will also include apartments .",neutral
"Panostaja owns a 68.77 pct of share capital and the voting rights of Suomen Helasto shares following an exchange of shares which was carried out on May 30 , 2007 .",neutral
The bank sees a potential for Getinge share to rise .,positive
The share subscription period will expire on 30 September 2007 .,neutral
The value of the order is EUR 2.5 mn .,neutral
"The aim of the CEO 's Q&A sessions is to give further clarity on information , which has been made public already earlier .",neutral
Finnish silicon wafers manufacturer Okmetic Oyj said it swung to a net profit of 4.9 mln euro $ 6.3 mln in the first nine months of 2006 from a net loss of 1.8 mln euro $ 2.3 mln a year earlier .,positive
"Water Treatment Products In Australia Today , Global Research & Data Services is going to publish a market analysis about the market for chemical water treatment products in Australia .",neutral
"Altona stated that the private company of Altona chairman Kevin Maloney , Tulla Resources , would take up its entitlement in full .",neutral
"SRV will also build an aqua park with wellness area , a restaurant and a multifunctional ice arena .",neutral
Almost two thirds of Olvi 's net sales come from outside Finland .,neutral
"Berling Capital , Umo Capital and Veikko Laine are the biggest shareholders in Amanda Capital .",neutral
"Operating loss totalled EUR 0.9 mn , down from a profit of EUR 2.7 mn .",negative
"The transaction will have a positive impact of around EUR2m on earnings , which Ruukki will recognize during the fourth quarter of this year .",positive
"YIT CORPORATION SEPT. 24 , 2007 at 13:30 CORPORATE RELEASE STOCK EXCHANGE RELEASE YIT 'S CAPITAL MARKETS DAY IN LONDON , SEPT. 26 , 2007 On Wednesday , September 26 , 2007 , YIT will hold a Capital Markets Day for investors and analysts in London .",neutral
"Operating profits in the half were  0.8 m , down from  0.9 m as Glisten invested in the brand and the management team .",negative
"Revenue grew by 2 percent to  x20ac 580 million $ 743 million , from  x20ac 569 million .",positive
A merger between UPM and Finnish-Swedish Stora Enso is not likely either .,neutral
EBIT margin was up from 1.4 % to 5.1 % .,positive
"Metsa-Botnia will finance the payment of dividends , the repayment of capital and the repurchase of its own shares with the funds deriving from its divestment of the Uruguay operations , and shares in Pohjolan Voima , and by utilising its existing financing facilities .",neutral
"`` We have a license agreement with Nokia Corp. which in part expires on April 9 , 2007 .",neutral
"Raisio 's bid to buy Glisten is a `` win-win '' deal for both companies , the chairman of the UK snacks firm told just-food today 10 February .",positive
The adjustments concern staff in both the Specialty Papers and the Fiber Composites segments .,neutral
"With this , the company will exit the contract manufacturing service segment .",neutral
"In Q1 of 2010 , Bank of +àland 's net interest income increased from EUR 9.1 mn to EUR 9.7 mn .",positive
"Professional and consumer applications include personal navigation , personal safety , field and workflow management , and asset tracking .",neutral
"Profit after taxes was EUR 0.1 mn , compared to EUR -0.4 mn the previous year .",positive
Cision says the sale will return its U.K. operation to profitability .,positive
GyPSii service supports ten different languages including Korean and Russian .,neutral
"After non-recurring items of EUR 177mn , profit amounted to EUR 20mn .",neutral
The sellers were the founders of the company .,neutral
"The company serves customers in various industries , including process and resources , industrial machinery , architecture , building , construction , electrical , transportation , electronics , chemical , petrochemical , energy , and information technology , as well as catering and households .",neutral
"The new Kroksberg railway tunnel will be built on a new section of track between Harnosand and Veda , forming part of the line that follows the coast of the Gulf of Bothnia .",neutral
L&T 's net profit for the whole 2010 dropped to EUR 36 million from EUR 45 million for 2009 .,negative
"The guidance has been set at 90 basis points over mid-swaps , the report said .",neutral
"For Q2 2010 , consolidated earnings before tax totaled EUR4 .5 m , compared to EUR3 .9 m , and net profit was EUR3 .2 m , compared to EUR2 .9 m in the previous year .",positive
SRV lowered its net sales estimate for the whole of 2008 due to uncertainties in housing sales .,negative
After 1 April 2007 Cencorp will not have any own employees in the territory .,neutral
Olli-Pekka Laine has been appointed as the Chairman and Erkki Pehu-Lehtonen as the Vice Chairman of the Board .,neutral
"Operating loss of the Pulp & Paper Machinery unit was over EUR 3mn in September 2007 - August 2008 , compared to a profit of EUR 3.7 mn a year earlier .",negative
The financial details of the transaction were not disclosed .,neutral
Each share is entitled to one vote .,neutral
He confirmed his view on July 6 .,neutral
The company will be part of Teleste 's Video and Broadband Solutions business area .,neutral
The original contract was signed last summer .,neutral
Decisions are to be made as quickly as possible .,neutral
The credit covers approximately 70 % of the ship 's price .,neutral
"As much biomass will be used as can be sourced locally , with the rest of the plant 's fuel needs met by peat .",neutral
"The platform is based built on Intel s second-generation MID platform , called Moorestown .",neutral
Finnair 's total traffic decreased by 8.7 % in terms of revenue passenger kilometres .,negative
Affecto expects its net sales for the whole 2010 to increase from the 2009 level when they reached EUR 103 million .,positive
Kone shares dropped 4.1 percent to  x20ac 43 US$ 55.77 in Helsinki .,negative
"However , sales volumes in the food industry are expected to remain at relatively good levels in Finland and in Scandinavia , Atria said .",positive
The value of the contract is in total USD12m .,neutral
Production capacity will increase from 36 000 to 85 000 tonnes per year and the raw material will continue to be recycled paper and board .,positive
"The record date for dividend distribution is March 14 , 2008 .",neutral
"The fair value of the investment properties totaled EUR 2,534.9 mn , up from EUR 2,455.1 mn in 2006 .",positive
No financial information was provided .,neutral
"In the third quarter of 2007 , net sales totaled EUR 25.95 mn , and operating profit EUR 3.88 mn .",neutral
Operating profit rose to EUR 13.1 mn from EUR 8.7 mn in the corresponding period in 2007 representing 7.7 % of net sales .,positive
The group 's net sales in 2007 were EUR683 .6 m.,neutral
"In Finland , the city of Forssa has said it will not pay compensation to food industry companies HK Ruokatalo and Atria for the lye leak into tap water that occurred in March 2008 .",negative
"The inventors are Mukkavilli Krishna Kiran , Sabharwal Ashutosh and Aazhang Behnaam .",neutral
Consolidated operating profit from continuing operations decreased by 62.3 % to EUR 51.2 mn from EUR 135.7 mn in 2007 .,negative
Finnish Bank of +àland reports its operating profit fell to EUR 4.9 mn in the third quarter of 2007 from EUR 5.6 mn in the third quarter of 2006 .,negative
"Cost cutting measures , which have produced around EUR70m of savings over the past nine months , have dampened the airline 's loss , Finnair said .",positive
The new location is n't the only change Wellmont has in store for its air transport service .,neutral
The agreement includes the entire process of managing Mercator 's supply chain in all regions where the company is currently present .,neutral
"Cargotec Corporation , Press Release , August 26 , 2008 at 10 a.m. Finnish time Cargotec 's MacGREGOR business area providing marine cargo handling and offshore load handling solutions has received significant offshore crane retrofit order .",positive
"Both operating profit and net sales for the 12-month period increased , respectively from EUR10 .5 m and EUR28 .8 m , as compared to the financial year 2004 .",positive
Alfa group will have 43.9 % of voting stock in the new company and Telenor 35.4 % with a free float of 20.7 % .,neutral
"`` After a long , unprofitable period the Food Division posted a profitable result , which speaks of a healthier cost structure and a new approach in business operations , '' Rihko said .",positive
"Vaahto Pulp & Paper , of Finnish Vaahto Group , has been awarded an order to renovate Finnish-Swedish forest industry company Stora Enso 's paperboard machine at the Ingerois Board Mill in Finland .",positive
"Profit per share was EUR 1.03 , up from EUR 0.87 .",positive
"During the strike , Finnair estimates to incur a net loss of between EUR2m and EUR2 .5 m per day .",negative
"The prerequisite for inclusion in the program and for receipt of any gains is that key employees acquire Aspo shares to the amount determined by the Board in advance , in the maximum .",neutral
"Profit for the period was EUR 5.9 mn , up from EUR 1.3 mn .",positive
"When dialing in , the participants should quote 877417 as conference ID .",neutral
Competition authorities will have to approve the deal before it can be finalized .,neutral
"Mr Ashley , deputy executive chairman of Sports Direct , sold a 43pc stake in the company for more than pounds 900m at the time of the float .",neutral
Kauko-Telko 's centralized administration will be dissolved and appropriate parts of it will be transferred to operating activities and Group administration by the end of the year .,neutral
"The orders are for 26 machine-room-less KONE MonoSpace elevators , which would be installed during 2006 .",neutral
The original patent was filed in Finland under application No. .,neutral
"The total size of the complex is around 25,000 m2 and the project will be constructed in stages .",neutral
Talvivaara is listed on the London Stock Exchange Main Market and NASDAQ OMX Helsinki and is included in the FTSE 250 Index .,neutral
"The Baltimore Police and Fire Pension , which has about $ 1.5 billion , lost about $ 3.5 million in Madoff Ponzi scheme .",negative
It is estimated that the consolidated turnover of Kausta Guder will reach Lt 53mn US$ 22.53 mn EUR 15.35 mn in 2007 .,neutral
BioTie North-American licensing partner Somaxon Pharmaceuticals started a phase II-III clinical study in patients suffering from pathological gambling and a pilot phase II study in nicotine addiction smoking cessation .,neutral
"In the fourth quarter of 2008 , net sales decreased to EUR 121.4 mn from EUR 165.5 mn in the fourth quarter of 2007 .",negative
"Finnish power supply solutions and systems provider Efore Oyj said its net loss widened to 3.2 mln euro $ 4.2 mln for the first quarter of fiscal 2006-2007 ending October 31 , 2007 from 900,000 euro $ 1.2 mln for the same period of fiscal 2005-06 .",negative
"Equipment will be manufactured in Vaahto 's workshop in Hollola , Finland and is scheduled for shipments during the first quarter of 2009 .",neutral
"Sampo Housing Loan Bank , a unit of Finland 's Sampo Bank , has priced its EUR1bn ( USD1 .3 bn ) bond at 99.889 % , Reuters reported .",neutral
The total capital of funds managed by the bank decreased by 28 % to EUR 284mn by the end of September 2008 .,negative
"Founded in 1985 , Quatrocon 's clientele consists of public sector builders , central trading companies and major construction firms .",neutral
"In its financial report , published on Friday , SEB said its net profit soared to SEK6 .745 bn in 2010 from a year-earlier SEK1 .114 bn and proposed a 50 % dividend increase to SEK1 .50 per share .",positive
ASSA ABLOY Kaupthing Bank gave a ` neutral ' recommendation and a share price target of 174 crowns $ 24.7 - 19 euro on Swedish lock maker Assa Abloy AB .,neutral
"Previously , EB delivered a custom solution for LG Electronics and now is making it commercially available for other mobile terminal vendors as well as to wireless operators .",positive
"Sullivan said some of the boards `` really involve a lot of work , and people should get paid for their time . ''",neutral
"schwalm ( at ) outotec.com Eila Paatela , Vice President - Corporate Communications tel. +358 20 529 2004 , mobile +358 400 817198 e-mail eila .",neutral
The company now estimates its net sales in 2010 to increase considerably from 2009 and its operating result to be clearly positive .,positive
"The fair value of the property portfolio doubled as a result of the Kapiteeli acquisition and totalled EUR 2,686.2 1,259.7 million .",positive
"Cencorp would focus on the development , manufacture and marketing of standard products for production automation .",neutral
The contract is worth some EUR 1 million .,neutral
"For 2009 , net profit was EUR 3 million and the company paid a dividend of EUR 1.30 apiece .",neutral
"The mill will have capacity to produce 500,000 tonnes of pulp per year .",neutral
"Nokia shares hit 13.21 euros on Friday , down 50 percent from the start of the year in part because of the slow introduction of touch-screen models .",negative
Cash flow from operations in January-December 2008 was a negative EUR 18.1 mn compared to EUR 39.0 mn in the corresponding period in 2007 .,negative
"Once your plants are in the ground they will continue to grow , but the success of any garden lies in how well it 's maintained .",neutral
The increase range will vary up to 10 % .,neutral
The company operates power plants in the Tyumen and Chelyabinsk regions and in the Khanty-Mansi Autonomous District .,neutral
"Net cash from operating activities was a negative EUR 0.3 mn , compared to EUR 30.9 mn in 2009 .",negative
"The flagship will open this fall in Manhattan 's Flatiron District in the `` Toy Building , '' at 200 Fifth Avenue .",neutral
All YIT Capital Markets Day materials will be available on the company 's Internet site at www.yitgroup.com/investors at 10:30 on September 26 .,neutral
Export declined by 6 percent to 16.4 million liters .,negative
"The biggest sellers in the chain 's supermarkets in Finland are organic Pirkka tomatoes , carrots , eggs , and meat products .",neutral
The company continued the development of a fully human antibody in its VAP-1 antibody program .,neutral
"Cardona slowed her vehicle , turned around and returned to the intersection , where she called 911 .",neutral
"We know that it exists , '' Artemyev said .",neutral
Finnish metal products company Componenta Oyj net profit went slightly down to 25.1 mln euro ( $ 40.2 mln ) for the first half of 2008 from 25.4 mln euro ( $ 40.7 mln ) for the same period of 2007 .,negative
"The subsidiary will be responsible for filter sales , local assembly of filters and after market services in China .",neutral
Sports equipment sales also progressed well owing to the prolonged winter season .,positive
Finnish food industry company L+ñnnen Tehtaat is planning changes to its fish product business .,neutral
"The contract also includes installation work in a new multistorey carpark for close on 1,000 vehicles .",neutral
RL-Nordic is a part of Raiffeisen-Banking-Group Austria and is a subsidiary to Raiffeisen-Leasing GmbH in Austria .,neutral
Filmiteollisuus Fine Ab will be transferred to Talentum Oyj in the form of a subsidiary .,neutral
Return on investment ROI was 4.1 % compared to 43.8 % in the first half of 2008 .,negative
The annual net sales of the unit is some EUR 5 million and it currently employs some 55 people .,neutral
The company will release its 2010 results on 11 February 2011 .,neutral
"Tiimari , the Finnish retailer , reported to have geenrated quarterly revenues totalling EUR 1.3 mn in the 4th quarter 2009 , up from EUR 0.3 mn loss in 2008 .",positive
The purchase sum is about EUR 10mn US$ 12.97 mn .,neutral
The bank VTB24 provides mortgage loans to buy apartments in the complex at 11-13 % per annum in rubles .,neutral
"The buildings , with about 40 condominiums each , will be built in 4 or 5 stages .",neutral
`` Marimekko operates in an industry in which changes in the business climate are reflected in consumer demand .,neutral
"Tecnomen , headquartered in Espoo , Finland , develops messaging and charging solutions for telecomms operators and service providers worldwide .",neutral
Ixonos will finance the acquisition through a 3.8 mln euro $ 5.2 mln loan .,neutral
"Finnish Exel Composites , a technology company that designs , manufactures , and markets composite profiles and tubes for various industrial applications , reports its net sales decreased by 0.6 % in the second quarter of 2010 to EUR 19.2 mn from EUR 19.3 mn in the corresponding period in 2009 .",negative
The issue came up in connection with discussion with local municipalities concerning the sale of water to industrial facilities .,neutral
Pretax profit rose to EUR 0.6 mn from EUR 0.4 mn in the corresponding period in 2005 .,positive
Terms of the acquisition were not disclosed .,neutral
"Elcoteq Dongguan was established in 1999 in the Nancheng District of Dongguan , China and is one of Elcoteq s four volume manufacturing plants in the Asia-Pacific region .",neutral
The Bank is also examining the benefits of transferring the Swedish business to operate as a branch office so that the operations would be governed by Finland 's laws .,neutral
"The order comprises all production lines for a plywood mill , company said in a statement received by Lesprom Network .",neutral
A huge issue for us is the button placement .,neutral
"Construction work on the Helsinki Music Centre is to start this autumn , with the total cost of the project estimated at 140 million euros .",neutral
"LEED is an internationally recognized green building certification system , developed by the U.S. Green Building Council .",neutral
Finnish developer and manufacturer of mobile phone chargers Salcomp Plc OMX Helsinki : SAL1V on Wednesday 19 November lowered its full-year net sales estimate .,negative
"Products include Consumer Electronics devices such as mobile phones and their accessories , set-top boxes , flat panel TVs as well as System Solutions products such as infrastructure systems , modules and other industrial segment products .",neutral
Sales increased due to growing market rates and increased operations .,positive
"Finnish Talentum reports its operating profit increased to EUR 20.5 mn in 2005 from EUR 9.3 mn in 2004 , and net sales totaled EUR 103.3 mn , up from EUR 96.4 mn .",positive
"In the first quarter of 2008 , Sacanfil 's net sales totalled EUR 50.0 mn and its operating profit EUR 4.7 mn .",neutral
"Tallink Silja attributes the significant drop to problems with the booking system that was taken into operation in October , the sale of trailer ferry ` Sky Wind ' and the route between Stockholm and Riga , which has won passengers from the Helsinki-Stockholm route .",negative
No financial details were disclosed .,neutral
"Finnish airline Finnair has won a deal with the UK public sector to be the official airline for flights from London Heathrow to Osaka in Japan , as well as flights between Manchester in the UK and Helsinki in Finland .",positive
"Meanwhile , Alfa owns 25.1 % of MegaFon through Altimo , and 4.99 % of Turkcell via an 18.5 % stake in Cukurova Holding .",neutral
"Kemira , headquartered in Helsinki , Finland , is an international chemicals group comprising the business areas Kemira Pulp & Paper , Kemira Water , Kemira Specialty and Kemira Coatings .",neutral
The order is related to renewing the network of the telecommunications operator .,neutral
"In addition , the contract includes modification of the effluent treatment plant at Follum .",neutral
"Seven-month sales of Ragutis , which is controlled by the Finnish brewery Olvi , declined by 11.2 percent , to 15.41 million liters , and the company held 9.89 percent of the market .",negative
Pharmaceutical market in Belgium Global Research & Data Services published recently a market analysis about the pharmaceutical markets in Belgium .,neutral
"Founded in 1923 , Finnair is one of the world 's oldest airlines and flies to 60 destinations with a fleet of 63 aircraft , employing 9,500 people .",neutral
Panostaja Oyj 's Board also decided at its organisational meeting held upon completion of the AGM to implement the AGM decision concerning Board member fees paid as shares in such a way that shares are transferred on a quarterly basis on the date following publication of the quarterly-annual report .,neutral
"Operating profit totaled EUR 37,7 mn , up slightly from EUR 37.2 mn in the corresponding period in 2006 .",positive
Rapala Fishing Frenzy 2009 .,neutral
"In January-September 2007 , Finnlines ' net sales rose to EUR 505.4 mn from EUR 473.5 mn in the corresponding period in 2006 .",positive
"L+ñnnen Tehtaat 's Food Division was reorganised into two strategic business units , Apetit Frozen Foods and Jams , and Apetit Fish .",neutral
The Department Store Division reported an increase in sales of 4 per cent .,positive
BM4 middle layer headbox will be equipped with a dilution control system .,neutral
`` The issues identified by Stonesoft affect a range of content inspection technology .,neutral
Raute is listed on the Nordic exchange in Helsinki .,neutral
"Finnair 's Tallinn-based subsidiary , Aero AS , carried 23,335 passengers , a decline of 60.8 % , on routes between Helsinki and the Baltic capitals and within Southern Finland .",negative
Pretax profit rose to EUR 17.8 mn from EUR 14.9 mn in 2005 .,positive
"The facility will have a lettable area of some 19,000 sq m. The plot for the plant , located in the Ratasmaki business park , will be purchased from the City of Forssa .",neutral
"Honkarakenne also decided yesterday to sell 88,500 of its B series shares to key staff members for EUR2 .9 per share .",neutral
Number of offers received for this contract is two .,neutral
The percentages of shares and voting rights have been calculated in proportion to the total number of shares registered with the Trade Register and the total number of voting rights related to them .,neutral
Finnish-Swedish TietoEnator is expanding its business quickly in Russia .,positive
Major Order in India Comptel Corporation has received a significant long-term order for mediation and provisioning solutions being used by a leading operator in India .,positive
The extracted filtrates are very high in clarity while the dried filter cakes meet required transport moisture limits (TMLs)for their ore grades .,neutral
"You need to be ready when the window opens up , Rosberg said .",neutral
"`` Over the years , the color orange has become synonymous with quality .",neutral
"Tyrvaan Sanomat , published twice a week by Tyrvaan Sanomat Oy , appears in Sastamala and Kiikoinen .",neutral
"The company 's set of services include digital printing , printing preparation , offset-printing , after-treatment services and send out services .",neutral
"It is necessary to strengthen the company 's operations , however .",neutral
"According to CapMan Plc 's Corporate Governance , the majority of the committees ' members shall be independent of the Company .",neutral
"In 2006 , 452 million tonnes CO2 of EUA ( EU Allowance ; emissions credit in EU ) was traded with an underlying market value approx .",neutral
"At the same time profit of the company increased by 10 % in H1 and reached Ls 79,000 .",positive
Operating profit rose to EUR 27.8 mn from EUR 17.5 mn in 2008 .,positive
"Finnish financial software solutions developer BasWare Oyj said its net profit fell to 884,000 euro ( $ 1.2 mln ) for the first quarter of 2007 from 2.0 mln euro ( $ 2.7 mln ) a year earlier .",negative
The arrangements do not apply to the group 's units outside Finland .,neutral
Net investment income,neutral
"The equipment Ixonos acquires with this deal includes mechanical engineering hardware ; an RF and antenna measurement laboratory ; facilities for the measurement of audio , cameras and displays ; as well as devices and robot units for the testing of mobile devices .",neutral
"For 24-hour news , try ICIS news www.icis.com Click `` trial '' , then ICIS news",neutral
"Last July , the group said it intended to relocate warehouse and office space in Loudeac and Saint Marcel to Morvillars , in the east of France , where it already operates a hook manufacturing and distribution unit .",neutral
"The total delivery volume of paper businesses in 2010 was 1,155,000 tonnes , up from 1,132,000 tonnes in 2009 .",positive
"CapMan 's first real estate fund , which had a total investment capacity of ( EURO ) 500 million and closed in June 2005 , invested in commercial properties in the Helsinki metropolitan area .",neutral
"Theodosopoulos said Tellabs could be of value to Nokia Siemens or Nortel given its `` leading supply status '' with Verizon , along with high-growth products .",positive
"The order comprises four ball mills , which will be organized in two different streams for treating ore in the Pilanesberg platinum mine .",neutral
"In the second quarter of 2010 , the company 's net profit was EUR1 .7 m compared to a net loss of EUR1 .3 m in April-June 2009 .",positive
Exports grew 16.5 percent to 19.1 million liters .,positive
"The refining margin for the year was $ 13.39 - bbl , compared to $ 10.46 - bbl in the prior year .",positive
Operating result including non-recurring items rose to EUR 146mn from a loss of EUR 267mn in 2009 .,positive
"Ruukki 's delivery includes steel structures , including installation , for Krakeroy bascule bridge and steel piles for the bridge foundations .",neutral
"Poyry is a global consulting and engineering firm focusing on the energy , forest industry and infrastructure & environment sectors .",neutral
"However , the company saw its net profit for the third quarter down to EUR 1.4 million from EUR 1.5 million for the corresponding period of 2009 .",negative
The value of the order is about EUR 30mn .,neutral
- Net sales for the period are expected to fall well below that of last year and the result after non-recurring items is expected to be in the red .,negative
"The company 's transportation business is conducted through Florida Rock & Tank Lines , which is a Southeastern transportation company concentrating in the hauling by motor carrier of liquid and dry bulk commodities .",neutral
Ponsse projects the forest machine markets to improve more than expected in 2010 from the previous year .,positive
"Profitability ( EBIT % ) was 13.9 % , compared to 13.1 % in the previous-year period .",positive
The financial details of the acquisition were not disclosed .,neutral
"Established in 1987 , the SRV Group is a private Finnish construction concern with operations in Finland , the Baltic countries and Russia .",neutral
"The cost of the deal could range from 70 million to 90 million euros depending on the financial results of the two companies in 2008 , the statement says .",neutral
"These include software development for internet and mobile telephone content , communications , value-added software , financial services , security applications , systems integration and electronics .",neutral
"Since the registration of the shares subscribed in a directed share issue , the new number of Panostaja shares and voting rights is 41,733,110 .",neutral
"Erkki Jarvinen , President of Rautakirja and the head of the Sanoma Trade division , will leave his current tasks in spring 2009 for a similar position outside the Sanoma Group .",neutral
The operating margin came down to 2.4 % from 5.7 % .,negative
"Suominen Corporation estimates that the cost-cutting program that started in autumn 2005 , higher sales prices , and expected growth in volume of Wet Wipes , will make the company 's operations more profitable .",positive
"Cohen & Steers , Inc. : 5 534 626 shares representing 4.985 % of the share capital and voting rights .",neutral
"Operating profit margin was 8.3 % , compared to 11.8 % a year earlier .",negative
"The major breweries increased their domestic beer sales by 4.5 per cent last year , to 256.88 million litres from 245.92 million litres in 2004 .",positive
"The total scope of the project is about 38,000 square metres and it is valued at a total of around EUR75m .",neutral
"Both operating profit and net sales for the six-month period increased , respectively from EUR0 .4 m and EUR3 .2 m , as compared to the corresponding period in 2005 .",positive
Return on equity stood at 18.3 % compared to 15.4 % in the third quarter of 2005 .,positive
"London 's leading shares today jumped almost 100 points , or 1.7 % , as the market opened .",positive
"The airline estimated that the cancellation of its flights due to the closure of European airspace , and the process of recommencing traffic , have caused a the company a loss of EUR20m , including the costs of stranded passengers ' accommodation .",negative
"Okmetic closed its plant in Espoo in early 2004 , and all production lines from the site were moved to Okmetic 's plants in Vantaa , Finland and Texas , USA .",neutral
"Making matters more difficult , the company said it has been grappling with higher oil and gas prices , which have pushed up the cost of energy , raw materials and transportation .",negative
Return on investment was 16.6 % compared to 15.8 % in 2004 .,positive
"BAVARIA Industriekapital AG 's 2006 revenues were EUR 333 million , with an EBITDA of EUR 51 million .",neutral
The value of the deal has not been disclosed .,neutral
"The facility will be used to refinance Citycon 's existing credit facility , the company said .",neutral
"In addition to the Tulikivi Corporation , he is also currently a member of the Board of the following companies : Altia Corporation , J+ñrvi-Suomen Portti Osuuskunta , Osuuskunta KPY , Profile Vehicles Oy and Voimatel Oy .",neutral
"The earnings per share for the quarter came in at 0.25 eur , up from the 0.20 eur of the same quarter a year earlier .",positive
"Markets had been expecting a poor performance , and the company 's stock was up 6 percent at  x20ac 23.89 US$ 33.84 in early afternoon trading in Helsinki .",positive
The acquisition will have an immediate positive impact on Aspocomp 's financial result .,positive
"The period 's sales dropped to EUR 30.6 million from EUR 38.3 million , according to the interim report , released today .",negative
Related links : Flexiblebaseloadoperation TheWartsila32generating set Gasconversions This is the shorter of two versions of this press release .,neutral
The closing of such transaction took place today .,neutral
Last year 's net sales rose to EUR 68.3 million from EUR 62.2 million .,positive
Unit costs for flight operations fell by 6.4 percent .,positive
"In a release on Oct. 28 , Peab said the two businesses will continue to be conducted under the brands Cliffton and Stockholm Entreprenad , both part of the Peab Group .",neutral
HELSINKI AFX - Outokumpu said its technology unit has won a 28 mln eur contract from Bosnia-Herzegovina 's Aluminij dd Mostar to upgrade an anode plant .,positive
The trade is in accordance with the agreement announced on 26 March 2008 .,neutral
"Honkarakenne also decided yesterday to sell 88,500 of its B-series shares to key staff members for EUR 2.90 per share .",neutral
"CapMan Plc Press Release 31 March 2008 Jukka Ruuska , President of the OMX Nordic Exchanges and the Stockholm Stock Exchange , will transfer to CapMan effective no later than September 2008 .",neutral
"JP Morgan expects that Scala will lower Nobel Biocare 's growth forecast for 2007 from the current guidance of 23-25 pct , as well as the operating margin target from the current 34-35 pct .",negative
A meeting of Glisten shareholders to vote on the bid will be held on 12 March .,neutral
"Its product portfolio comprises harvesters , forwarders , harvester heads , as well as cranes and loaders .",neutral
Glaston 's net profit for the third quarter of 2007 dropped to 2.4 mln euro ( $ 3.5 mln ) from 3.5 mln euro ( $ 5.1 mln ) for the corresponding period of 2006 .,negative
"Operating profit totalled EUR 30.2 mn , down from EUR 43.8 mn a year earlier .",negative
"Cash flow from operations totalled EUR 2.71 mn , compared to a negative EUR 0.83 mn in the corresponding period in 2008 .",positive
"The segments through which the company operates are Frozen Food business , Seafoods , Vegetable Oil business , Grain Trading and Other business operations .",neutral
"Neste Oil will publish its third quarter 2008 results on Friday , 24 October 2008 at approximately 9 am ( EET ) .",neutral
"The building will house , for example , Respecta Oy 's Jyvaskyla premises , as well as other companies to be announced later , says Samuel Koivisto , Director of Technopolis operations in Jyvaskyla .",neutral
"The firm 's UK head office is in Rugby Road , Lutterworth .",neutral
"However , the proportion of the paid standing orders grew in 2009 .",positive
"The company 's net profit rose 11.4 % on the year to 82.2 million euros in 2005 on sales of 686.5 million euros , 13.8 % up on the year , the company said earlier .",positive
Construction is scheduled to start in April-June 2007 and to be completed in early 2008 .,neutral
"Finland 's Technopolis is planning to bring the first section of a technopark on stream in St. Petersburg at the end of 2008 , Kari Mikkonen , vice president of Technopolis , told reporters in Helsinki .",neutral
"- The Group -¦ s profit before taxes was EUR 0,2 7,8 million .",neutral
"Both operating profit and turnover for the six-month period increased , respectively , from EUR17 .6 m and EUR1149 .9 m , as compared to the corresponding period in 2007 .",positive
"Currently it operates a fleet of eight carriers , as well as nine pushers and barges .",neutral
"Dealers said the share was largely hit by investor disappointment about a refining margin of just 9.48 usd per barrel for the quarter and the performance of its shipping unit , which saw EBIT drop to 5 mln eur from 20 mln eur a year amid a fall in volumes and tanker rates .",negative
Stora Enso will receive a 19.9 pct equity interest in the combined company .,neutral
"Ragutis , which is controlled by the Finnish brewery , reported a 5.4-per-cent rise in beer sales to 10.44 million litres and held an 11.09-per-cent market share .",positive
The energy shot is packed in a 100-millilitre bag with a screw cap .,neutral
"` Nordea 's definitely too big for Sampo to acquire , ' said an analyst ` But Sampo would appear to have an agenda for Nordea ahead of the privatisation .",neutral
"Thus the group 's balance sheet will have about EUR25 .8 m in goodwill for 2010 , the company added .",neutral
The report contains category level company and brand share as well as distribution share information for 2007 and 2008 .,neutral
"The latest result included per-share charges of 5 cents for stock compensation , 1 cent for research and development and 1 cent for strategic investments .",neutral
`` Serving customers locally is one of the cornerstones of customer focus for us .,neutral
The value of the order is nearly EUR400m .,neutral
Danske Bank is Denmark 's largest bank with 3.5 million customers .,neutral
"Operating profit was EUR 11.4 mn , up from EUR 7.5 mn .",positive
`` They want my credit card info and my personal details .,neutral
"Jarmo Honkamaa , head of the oil refining business at Neste Oil , says the situation looks promising from their viewpoint .",positive
"in Q1 '10 19 April 2010 - Finnish forest machinery and equipment maker Ponsse Oyj HEL : PON1V said today that it expects to swing to a net profit of some EUR6 .3 m in the first quarter of 2010 , from an EUR9 .6 m loss a year earlier .",positive
Biohit already services many current Genesis customers and the customer base is expected to expand as a result of this agreement .,positive
"efficiency improvement measures 20 January 2010 - Finnish stationery and gift retailer Tiimari HEL : TII1V said today that it will continue to improve its operational efficiency , by focusing on its profitable core operations .",positive
Coffee will be served starting at 14:30 EET as well as after the event .,neutral
Vacon recently announced plans to build its North American headquarters at 5 Business Park in Chambersburg .,neutral
"Veidekke , headquartered in Oslo , Norway , is a Scandinavian construction and property development group with some 6,350 employees in Norway , Sweden and Denmark , with an annual turnover of NOK16 .4 bn .",neutral
"Copper , lead and nickel also dropped ... HBOS ( HBOS ) plummeted 20 % to 70.3 pence after saying this year+ó ??",negative
Welcome !,neutral
"Due to rapid expansion , the market share of Tallink in terms of passenger carriage through Tallinna Sadam Port of Tallinn totaled 55 percent in November against 45.7 percent in November 2005 .",positive
25 November 2010 - Finnish paints and coatings company Tikkurila Oyj ( HEL : TIK1V ) said today that Finnish state-owned investment company Solidium Oy sold its 14.7 % stake in the company for a total of EUR98m .,neutral
"Operating profit totalled EUR 21.1 mn , up from EUR 18.6 mn in 2007 , representing 9.7 % of net sales .",positive
There have not been previous share subscriptions with 2004 stock options .,neutral
Clothing chain Sepp+ñl+ñ 's net sales increased by 7.0 % to EUR 30.8 mn .,positive
"YIT 's Baltic sales in the first three quarters of 2008 totaled 106.2 million euros , representing a drop of 29 percent year on year .",negative
"Glaston 's own glass processing unit , Tamglass Glass Processing , is a manufacturer of high quality safety glass products , and operates in Finland .",neutral
"The report goes on to provide detailed profiles of ten leading European specialty chemicals companies , and brief profiles of other major players .",neutral
"The contract also includes cutting and edging wagon parts at Ruukki 's steel service centres in Seinajoki and Raahe , both in southwestern Finland , from where they will be delivered to VR for welding and assembly .",neutral
The company reports a loss for the period of EUR 0.4 mn compared to a loss of EUR 1.9 mn in the corresponding period in 2005 .,positive
"In future , the plant will focus on the production of flange profiles for wind farm towers .",neutral
"The start of the negotiations , relating to Glaston 's efficiency program , was announced in October .",neutral
"Following the registration , the number of issued and outstanding shares of Basware is 12,890,829 .",neutral
The company is listed on the Nordic Exchange in Helsinki .,neutral
"At the beginning of the subscription period on May 2 , 2006 the share subscription price under B option right is EUR 10.22 per share .",neutral
"Savon koulutuskuntayhtyma , Finland based company has awarded contract for specialist agricultural or forestry machinery .",positive
"Olvi , which controls a 94 percent stake in Ragutis through A. Le Coq , said in its annual report published earlier this year that the Lithuanian brewery 's sales reached 15.04 million euros last year , a rise of 20.4 percent from 12.49 million euros in 2004 .",positive
"Finnish IT consultancy Satama Interactive Oyj said on November 13 , 2006 that Jarmo Lonnfors took up the position of CEO .",neutral
"In 2010 , Sanoma Magazines expects net sales to be at the 2009 level .",neutral
"The business is organised , as of February 1 , 2011 , in a way that production of design services is combined into one entity , Etteplan Operations .",neutral
"The company 's profit totaled Ls 578,100 in H1 2007 , down 30.9 % year-on-year .",negative
The terms and conditions of Stock Option Scheme 2004 are available on the Group 's website .,neutral
Satama 's net sales would be higher than the year before .,positive
The new name of the Sanoma Division will be Sanoma News .,neutral
"The floor area of the Yliopistonrinne project will be 7,900 sq m 85,030 sq ft and the building 's gross area will total 12,800 sq m. A total 25.1 % of the facilities have been let .",neutral
The company expects meat purchases to remain at about 8mn kilos in 2011 .,neutral
"This could be any of us at any time , '' she said .",neutral
UPM stock fell 3 percent to EURO 12.49 $ 17.24 in early afternoon trading in Helsinki .,negative
"Finnish IT consultancy Satama Interactive Oyj posted a net profit of 1.4 mln euro $ 2.0 mln for the first nine months of 2007 , compared to a net loss of 462,000 euro $ 664,000 for the same period of 2006 .",positive
"It also includes the installation of new equipment , training and start-up services , as well as service work of the shoe press delivered by Vaahto in 2001 .",neutral
The company said that sales in the three months to the end of March slid to EUR86 .4 m US$ 113.4 m from EUR91 .2 m last year .,negative
"An  of the invention , released by the Patent Office , said : `` A non-coherent search matrix is formed of said correlation function matrix .",neutral
"Operating profit , excluding non-recurring items , totalled EUR 1.0 mn , down from EUR 1.6 mn .",negative
"The company was supposed to deliver machinery to a veneer mill in the Tomsk region , in Russia .",neutral
The company 's board of directors would propose a dividend of EUR1 .00 per share for 2005 .,neutral
Sunrise Resources operates in Russian near-shore development markets through its wholly-owned Russian subsidiary and has 80 % of its personnel in Russia .,neutral
"( ADP News ) - Feb 12 , 2009 - Finnish construction company Lemminkainen Oyj ( HEL : LEM1S ) said today its net profit decreased to EUR 63.5 million ( USD 81.1 m ) for 2008 from EUR 80.6 million for 2007 .",negative
Nokia was up 0.12 pct to 16.70 eur after kicking off the morning in negative territory .,positive
The group reiterated its forecast that handset manufacturers will sell around 915 mln units this year globally .,neutral
The contract will take effect in 2009 for a five or ten year period .,neutral
"Raute reported a loss per share of EUR0 .86 for the first half of 2009 , against EPS of EUR0 .74 in the corresponding period of 2008 .",negative
"industry in Asia +ó Pakistan , Malaysia , Taiwan and Philippines Today , Global Research & Data Services is going to publish several market analyses about the cement markets in Asia .",neutral
"This action follows personnel negotiations concerning Elcoteq SE , Finnish Branch , Elcoteq Finland Oy and Elcoteq Design Center Oy .",neutral
"In addition to verification of an identity and digital signatures , new state-approved Mobile ID enables to cast votes in elections as well .",neutral
"The acquired business main asset is a mobile authentication and signing solution , branded as Tectia MobileID , which provides authentication to web e-mail , SSL-VPN , MS SharePoint , Tectia Secure Solutions and other applications and resources .",neutral
Operating profit fell to EUR 6.2 mn from EUR 8.5 mn in the third quarter of 2007 .,negative
The fair value of the company 's investment properties grew to EUR 2.803 billion at the end of March 2009 from EUR 2.691 million a year ago .,positive
"In addition , the Kazakh delegation will visit Finland 's SITRA investment fund , Honkarakenne Ltd and Nokia headquarters to study TeliaSonera Ltd JSC 's activities .",neutral
The bond has a value of EUR150m and a maturity of 4 years .,neutral
"At first , Solteq 's services to companies operating in the St. Petersburg area will include maintenance and material management systems and data collection solutions .",neutral
"The approximately 20,000 dwt vessel has been ordered from India .",neutral
Both the net sales and operating profit were record high in the company 's history .,positive
"In 2009 , Fiskars ' cash flow from operating activities amounted to EUR121m , up from EUR97m in the previous year .",positive
"Glaston 's own glass processing unit , Tamglass Glass Processing , is a manufacturer of high quality safety glass products operating in Finland .",neutral
15 December 2010 - Finnish-German telecoms equipment maker Nokia Siemens Networks said today it won a contract to upgrade the radio network of home-based telecommunications company Elisa Oyj HEL : ELI1V .,positive
"In addition , the company is considering the start of production in Russia .",neutral
Our standardised services have met with a positive reception among our customers as well as at Itella .,positive
"The company will disclose further details , including the anticipated transaction timetable and the name of the new investor , within one week .",neutral
"Net sales totaled EUR 93.6 mn , up from EUR 93.2 mn in the corresponding period in 2005 .",positive
"Aldata Solution Oyj Bertrand Sciard President and CEO Further information : Aldata Solution Oyj , Bertrand Sciard , President and CEO , tel. +33 1 46 48 28 00 Aldata 100 % Retail-Wholesale At Aldata 100 % of our business is dedicated to retail and wholesale business improvement .",neutral
The enterprise value of Maritim Food AS has been determined as approximately EUR15m .,neutral
Operating profit improved by 39.9 % to EUR 18.0 mn from EUR12 .8 mn .,positive
"Vaisala , headquartered in Helsinki in Finland , develops and manufactures electronic measurement systems for meteorology , environmental sciences , traffic and industry .",neutral
"In the Baltic states the company reports net sales of EUR 11.9 mn , down from EUR 14.2 mn , and an operative EBIT of EUR -2.2 mn , down from EUR -1.7 mn .",negative
"In 2007 , Etteplan had turnover of EUR125 .2 m.",neutral
"A meeting for the media and analysts will be held on the same day at 10:30 a.m. at Stonesoft Headquarters in Helsinki , Italahdenkatu 22 A. The Interim report will be presented by Stonesoft 's CEO Ilkka Hiidenheimo .",neutral
The fair value of the company 's investment properties went down to EUR 2.768 billion at the end of 2009 from EUR 2.916 billion a year earlier .,negative
The price will be specified at the completion date .,neutral
"In a recent interview with the Financial Times ( FT ) , Sampo 's board chairman Bjorn Wahlroos said If P&C was certainly for sale and the price had been set at SEK 85 billion , confirming earlier statements .",neutral
"The development of the technological park , which will specialize in telecommunications and information technologies , is part of the state program for the formation of technoparks for hi-tech sectors in Russia .",neutral
"The subject of the project is provide to the company like : Software programming and consultancy services , Computer-related services , Data services , Computer support and consultancy services , Internet services etc. .",neutral
"Earnings per share ( EPS ) amounted to EUR1 .37 , down from EUR2 .30 .",negative
"Cramo , headquartered in Vantaa , Finland , rents construction machinery and equipment , as well as rents and sells modular space .",neutral
"Through the Nordic Exchange , OMX offers access to approximately 80 percent of the Nordic and Baltic securities market .",neutral
"Alma Media 's operating profit amounted to EUR 11.9 mn , down from EUR 15.0 mn a year earlier .",negative
Earnings per share EPS rose to EUR 0.11 from EUR 0.03 .,positive
"The deal includes all rental equipment and related merchandise , the rental contract of the depot and two employees , the company said .",neutral
Net sales revenue per passenger is expected to increase .,positive
"Sales climbed 19.2 pct to 1.002 bln eur , surpassing the 953 mln eur consensus figure .",positive
"Tecnomen 's solution can be used for prepaid and post-paid billing , for charging and rating of voice and video calls , data traffic and any kind of content services in both mobile and fixed networks .",neutral
"The machine will have an annual production capacity of 200,000 tonnes of super-calendered magazine paper and other paper grades based on recovered fiber , Stora Enso said .",neutral
com and possibly also through photo-msn .,neutral
"Customers wave cards in front of the reader to make payments , similar to `` touch and go '' cards used in transport systems .",neutral
